strategy,timeframe,composite,sortino,sharpe,calmar,trades_per_day,max_drawdown,total_return,n_trades
volty_expan_close,1h,-5.068019481649714,-7.643014899978994,-5.891040868817185,-0.8116708700432022,11.478796169630643,0.9987833049414125,-0.9987273398322815,16782
volty_expan_close,1h,-5.127655969136927,-7.655532642189311,-6.0600256772546155,-0.8247840302827263,11.47469220246238,0.999092283737988,-0.9990505309262974,16776
volty_expan_close,1h,-5.137934446097859,-7.643712162469363,-6.10624750648722,-0.8285844305464924,11.47469220246238,0.9991694691295279,-0.9991312666641847,16776
volty_expan_close,1h,-2.862935966646587,-4.157552520221532,-3.369982162784419,-0.6297343657421612,7.167578659370725,0.9800484394612338,-0.9786356086984143,10479
volty_expan_close,1h,-2.9894177527141155,-4.295144751860886,-3.5823258771688105,-0.655540296063726,7.1573187414500685,0.985416044069086,-0.9843833097352125,10464
volty_expan_close,1h,-3.030177067015015,-4.335067291716089,-3.6561545195139744,-0.6643459815812902,7.155266757865937,0.9869515490599543,-0.986027548510756,10461
volty_expan_close,1h,-1.3358490015985245,-1.837363897864142,-1.5750927951474476,-0.42791867969544495,4.2250341997264025,0.8520586153759678,-0.8374245872977351,6177
volty_expan_close,1h,-1.4819208568074662,-2.031366854911964,-1.7730020724589772,-0.4582449770166241,4.212722298221614,0.8868582429830407,-0.8762020475336274,6159
volty_expan_close,1h,-1.5580213835609085,-2.1325141327201385,-1.8778422814754974,-0.47221015343401357,4.209302325581396,0.9005912853907984,-0.8912285291442974,6154
volty_expan_close,1h,-0.19521715859661745,-0.21162769711759044,-0.18917719621594478,-0.1793764029493261,1.7913816689466484,0.42796129209800005,-0.2738057076073275,2619
volty_expan_close,1h,-0.434360797224493,-0.5299508845630838,-0.481874778618731,-0.25939336604546726,1.7647058823529411,0.5688780462074512,-0.47245327692793676,2580
volty_expan_close,1h,-0.5375848274025945,-0.6693540865919577,-0.6148449574170702,-0.28463235180230106,1.7564979480164158,0.6293744800917268,-0.5464803478586637,2568
volty_expan_close,1h,0.7018824523133924,0.752072490201472,0.6994982357058244,0.6373466184035212,0.9165526675786594,0.22858402831942004,0.7242281205888295,1340
volty_expan_close,1h,0.2150618090787752,0.26907842014324246,0.2508701923789366,0.10723127769265747,0.8912448700410397,0.2979910337005426,0.13427326816402957,1303
volty_expan_close,1h,-0.0008116734005102003,0.02726060078831816,0.02536658684860857,-0.06441963256806679,0.8789329685362517,0.373563873773521,-0.09296369576673594,1285
volty_expan_close,1h,0.9386605980130889,0.9145372012099331,0.8825759600883719,1.0269097650086807,0.5389876880984952,0.18359618467569236,0.9974227818038035,788
volty_expan_close,1h,0.5203540672190263,0.5653048237170409,0.5417428814233042,0.43903091101739583,0.5102599179206566,0.24370126059225758,0.5025379971704942,746
volty_expan_close,1h,0.3096693455239387,0.3644124460611047,0.347586601528008,0.19876128880364818,0.49726402188782487,0.2871417438433402,0.2489763066734506,727
volty_expan_close,1h,-5.10558660971794,-7.701209929991605,-5.936872184676607,-0.8134699410610515,11.36388508891929,0.9988018866960818,-0.9987754344485161,16614
volty_expan_close,1h,-5.171370058310026,-7.718395331726104,-6.119362370907836,-0.8273440478241126,11.361833105335156,0.9991244961362742,-0.9991051665412566,16611
volty_expan_close,1h,-5.174496661657272,-7.695465859154463,-6.157027074601365,-0.8306739853835883,11.361833105335156,0.9991909275237283,-0.9991730646176327,16611
volty_expan_close,1h,-2.7680057056079095,-4.008562680367907,-3.2644769531750373,-0.6174584916941174,6.909028727770178,0.9771237037576215,-0.9753704430391235,10101
volty_expan_close,1h,-2.871895254519353,-4.1198172518537906,-3.4394775229243923,-0.6404169896683971,6.90218878248974,0.9825460324432713,-0.981208344061596,10091
volty_expan_close,1h,-2.914798737079939,-4.163981314431482,-3.514578061826639,-0.6494426425311819,6.90218878248974,0.984365260002402,-0.9831669989206558,10091
volty_expan_close,1h,-1.0375862878410835,-1.4034607906809882,-1.2067612116746897,-0.3805786935542713,4.001367989056088,0.7947245460174865,-0.7637274043542158,5850
volty_expan_close,1h,-1.257047817544997,-1.703060083740796,-1.4962979979750255,-0.42311461552057017,3.991792065663475,0.8563392809212337,-0.8350729689498374,5836
volty_expan_close,1h,-1.3536682616019517,-1.831692843853376,-1.6285234881335104,-0.4414469254018273,3.989740082079343,0.877711906863311,-0.8596094168040345,5833
volty_expan_close,1h,0.34723094317971015,0.41155288142850804,0.3716200683732622,0.2370792336544275,1.6839945280437756,0.27060374719646785,0.28283217652137566,2462
volty_expan_close,1h,0.04952617489417926,0.0906171658527685,0.08258376217469286,-0.03831940033112,1.6580027359781122,0.32205428441316203,-0.04852350379989654,2424
volty_expan_close,1h,-0.09108468339631379,-0.07189104244592678,-0.06618014891325762,-0.1415807391465526,1.6491108071135432,0.35937152906591824,-0.18874481713395175,2411
volty_expan_close,1h,1.1115404261321424,1.1236240757065767,1.0523501212159163,1.1546191982824558,0.8556771545827634,0.21651578910560382,1.4444028755523786,1251
volty_expan_close,1h,0.6444430259607126,0.7028299279336006,0.6549576503343872,0.5560791989565207,0.832421340629275,0.2534956377369418,0.6959287069511739,1217
volty_expan_close,1h,0.5071329760609277,0.5750097812260727,0.5335971869462668,0.3901663582887286,0.8194254445964432,0.2789248831102331,0.5125379725809861,1198
volty_expan_close,1h,1.4499156100830168,1.3297687466044754,1.2769084904852852,1.783118547652137,0.5034199726402189,0.17096439816480566,1.9032770383194644,736
volty_expan_close,1h,0.9869472314188796,0.9909440786856407,0.9413689707988538,1.0271963623498905,0.478796169630643,0.21463352391956383,1.2212300378217706,700
volty_expan_close,1h,0.7150189324247513,0.7578881798944603,0.7194857833427237,0.6533930848805003,0.46716826265389877,0.24495134911201735,0.8124530597019586,683
volty_expan_close,1h,-4.89732938075056,-7.389779383992337,-5.6692619058962945,-0.8021301846157879,11.186046511627907,0.9985045312309759,-0.9984436877821984,16354
volty_expan_close,1h,-4.95491187928053,-7.403660433430117,-5.829507889682964,-0.8153177966786467,11.1812585499316,0.9988703830113503,-0.9988244243161151,16347
volty_expan_close,1h,-4.961197653180961,-7.389826670828925,-5.865685971644987,-0.8185373111863178,11.1812585499316,0.9989482377654899,-0.9989054466066482,16347
volty_expan_close,1h,-2.512315013833468,-3.640696069850865,-2.934322491613149,-0.5857994613639234,6.792065663474692,0.9671115185037511,-0.9648608054025928,9930
volty_expan_close,1h,-2.6518497410645914,-3.8064944492481714,-3.150707630272625,-0.6134655742784517,6.7845417236662104,0.975805533643244,-0.9741778787385186,9919
volty_expan_close,1h,-2.6921853592087603,-3.8474603408980976,-3.2215649055581506,-0.6224391706069199,6.783857729138167,0.9781841498829295,-0.9767165136507321,9918
volty_expan_close,1h,-0.9128499179066054,-1.2275941350053128,-1.0420895757586532,-0.3639513039229479,3.899452804377565,0.7497212732200956,-0.7209428075116395,5701
volty_expan_close,1h,-1.0980260210750499,-1.4829361283742148,-1.283772224653262,-0.3990663410979513,3.887824897400821,0.8180206240341787,-0.7946316366958807,5684
volty_expan_close,1h,-1.1961919204277567,-1.6168740231794438,-1.4142159962299614,-0.41725837428996904,3.887140902872777,0.8445011427184915,-0.8245155768554607,5683
volty_expan_close,1h,0.33346777178794934,0.40837739794301536,0.3717038804507114,0.19535216158509938,1.6450068399452804,0.3272193320186498,0.2817145716742061,2405
volty_expan_close,1h,0.034499189302500996,0.07046530722601586,0.06513785281231285,-0.04409429810533067,1.621751025991792,0.37061752751988336,-0.0638697598881345,2371
volty_expan_close,1h,-0.008477901902203076,0.02062322346379375,0.01926286569196821,-0.07502016998437012,1.612859097127223,0.3860249187654271,-0.11104923488264903,2358
volty_expan_close,1h,0.8781232166832574,0.9114740208559399,0.8578189027037317,0.853959791765873,0.83515731874145,0.2254024830797926,1.02413207754102,1221
volty_expan_close,1h,0.5450466460621978,0.6144738081859923,0.5734743109124087,0.42404943171359416,0.8050615595075239,0.2784971839348331,0.5638260346379805,1177
volty_expan_close,1h,0.37779590489605663,0.44321293180598775,0.4125554153640395,0.2558136918814991,0.7968536251709987,0.29360289912805426,0.33654542827887146,1165
volty_expan_close,1h,1.5555583739947039,1.4440933799560696,1.3881378931233268,1.8715988469175935,0.48153214774281805,0.18672241494373462,2.3218522987031647,704
volty_expan_close,1h,1.3840351088409966,1.2982982815670416,1.2238825893227527,1.6585033980578474,0.45075239398084815,0.1880650547409627,1.9666825742959162,659
volty_expan_close,1h,1.1651990264910332,1.1640104461875318,1.0901408862573503,1.2418419404627181,0.43980848153214774,0.22251819697921943,1.657344964867407,643
volty_expan_close,1h,-4.676877865618003,-7.059109224155412,-5.391196687099864,-0.7862505660862655,10.981532147742818,0.9979302339149175,-0.997866632054738,16055
volty_expan_close,1h,-4.735657660759758,-7.0785311887651625,-5.5473305341618975,-0.8001534166837471,10.976744186046512,0.9984272830037033,-0.9983789549693318,16048
volty_expan_close,1h,-4.7450205469278774,-7.068909691862907,-5.587674308508922,-0.8038479254334574,10.976744186046512,0.9985424267815131,-0.9984976370012988,16048
volty_expan_close,1h,-2.466711257432578,-3.5715033286729163,-2.880095265608502,-0.580271154269535,6.618331053351573,0.966320302518065,-0.9629373490176765,9676
volty_expan_close,1h,-2.635144009543579,-3.7774466735905703,-3.135187947122322,-0.6120298532355157,6.610807113543092,0.976361666339961,-0.9739034760834457,9665
volty_expan_close,1h,-2.688692184673974,-3.835774121566763,-3.224834763868439,-0.6231070229557897,6.610807113543092,0.9791840400056555,-0.9770193531553035,9665
volty_expan_close,1h,-1.0276788170877071,-1.3967764812612573,-1.1852602991844834,-0.37796711609286404,3.8727770177838576,0.785289122718285,-0.7559792504450723,5662
volty_expan_close,1h,-1.2134748560488986,-1.6493065862684348,-1.4330937991294534,-0.41274693934229506,3.86046511627907,0.8464347970702825,-0.821223708794561,5644
volty_expan_close,1h,-1.3131178781560024,-1.7819708086236536,-1.569226917810021,-0.4318715978784488,3.8584131326949382,0.8698175359401553,-0.8484452358959442,5641
volty_expan_close,1h,0.21786992715798434,0.28200999030450197,0.25738890132250475,0.09283086879810715,1.655950752393981,0.3630381634528825,0.14198530252524855,2421
volty_expan_close,1h,-0.07859247389371785,-0.06624038854947774,-0.06100474660562551,-0.11264964830746366,1.636798905608755,0.4288465457696659,-0.1799075572730943,2393
volty_expan_close,1h,-0.12971745557264192,-0.12912544223003827,-0.11992168033635078,-0.1403025819324046,1.6258549931600548,0.4581665686276402,-0.2336650721640487,2377
volty_expan_close,1h,0.8545925695690793,0.890893737606488,0.850529648060356,0.8102539336945904,0.8303693570451436,0.23349847641182297,1.0018447570632993,1214
volty_expan_close,1h,0.5445369146489869,0.6100816361796558,0.576588002541305,0.42509286471577706,0.8057455540355677,0.2767945517530699,0.5614005686613545,1178
volty_expan_close,1h,0.42457839132605013,0.4850059363649998,0.4567110266770423,0.31187569592312503,0.7975376196990424,0.27678480194823674,0.3932728125881508,1166
volty_expan_close,1h,1.7071151160730889,1.4984975650240893,1.4556129186681537,2.2367740482100236,0.47127222982216144,0.1655463580809798,2.531953455857362,689
volty_expan_close,1h,1.3937336902544708,1.2955542880127364,1.2424925002085074,1.6758807499560797,0.4432284541723666,0.18644366520674957,1.9716750564620686,648
volty_expan_close,1h,1.203599631197469,1.1801005141715584,1.1188543202516958,1.31967709817779,0.43296853625171,0.2132740547917227,1.7003062397942277,633
volty_expan_close,1h,-4.442129498784803,-6.695207240197228,-5.110885330435733,-0.769270011917306,10.732558139534884,0.997197336075668,-0.9970823477646834,15691
volty_expan_close,1h,-4.512093970361387,-6.727962338557014,-5.284249083147162,-0.7854476999814437,10.727086183310533,0.9979196840606941,-0.9978343324014821,15683
volty_expan_close,1h,-4.523508801624087,-6.723736276987423,-5.324151025174915,-0.7892299442554754,10.727086183310533,0.9980656012929725,-0.9979862363580069,15683
volty_expan_close,1h,-2.413675132215789,-3.4892990384490443,-2.8185964686053366,-0.5745885875152343,6.406976744186046,0.9625147386878393,-0.9602735723013913,9367
volty_expan_close,1h,-2.57152534931644,-3.6833207604015206,-3.0562341101309287,-0.6044227070551771,6.401504787961696,0.9729675750537339,-0.9713528565615404,9359
volty_expan_close,1h,-2.6059784937689208,-3.7182438782066045,-3.1167390400898562,-0.6121974348644064,6.4008207934336525,0.9752470295853007,-0.9737684689624656,9358
volty_expan_close,1h,-0.8261182622001397,-1.1084879712979696,-0.935430221196532,-0.340313357739974,3.771545827633379,0.7387275498595165,-0.6864559530460784,5514
volty_expan_close,1h,-1.043281324799765,-1.4064754297354778,-1.2188475909810512,-0.3834562520375285,3.7571819425444595,0.8157127699903022,-0.7774404596100654,5493
volty_expan_close,1h,-1.1011869540959343,-1.481221190086533,-1.2994801203072637,-0.3961814732304727,3.753761969904241,0.8338811361740956,-0.7993819865801562,5488
volty_expan_close,1h,0.19586058520571314,0.2522428383735043,0.23025500648682456,0.08628982636754688,1.5574555403556771,0.30981648866520056,0.11146523993810843,2277
volty_expan_close,1h,-0.025932353693540387,0.004271861917032229,0.003929984805013403,-0.09606697967285767,1.5294117647058822,0.32688383693712014,-0.11997414845500409,2236
volty_expan_close,1h,-0.07440161622900097,-0.05238228496363018,-0.04851068414422993,-0.12965165666759976,1.518467852257182,0.35601719810126525,-0.172457008132879,2220
volty_expan_close,1h,0.46846735087827895,0.5225550078156871,0.5050770169160788,0.3597408089239351,0.7852257181942545,0.26410561843924535,0.4384413055788688,1148
volty_expan_close,1h,0.22629435292713196,0.2745212145752828,0.2641005214399282,0.12418570221680134,0.7585499316005472,0.28446049520472755,0.14919226412813869,1109
volty_expan_close,1h,0.16299509404432938,0.21144382251300053,0.20279741076060984,0.058594472703154134,0.7476060191518468,0.3346778433267212,0.08089618886387488,1093
volty_expan_close,1h,1.5557480861734705,1.4217670591687182,1.3764168776724017,1.9137206640142095,0.42954856361149113,0.1807765097085706,2.287341830198154,628
volty_expan_close,1h,1.392933197888891,1.3416572261586366,1.284414041512916,1.569820316571872,0.4049247606019152,0.21045134724455927,2.13750388098851,592
volty_expan_close,1h,1.2254182476996158,1.2179436428821946,1.1564582529563154,1.3043443821994776,0.39808481532147744,0.22676576676336963,1.8232895683352868,582
volty_expan_close,1h,-4.38451352108504,-6.591921842788011,-5.058906859201524,-0.7669090873645972,10.65595075239398,0.9970494349340653,-0.9969565233045251,15579
volty_expan_close,1h,-4.4713596348703835,-6.653377533227517,-5.249454429511655,-0.7839076424195991,10.651846785225718,0.9978374559207499,-0.9977693586275636,15573
volty_expan_close,1h,-4.487818693672265,-6.654861854606387,-5.297859072470374,-0.7883874336286599,10.651846785225718,0.9980150681287204,-0.9979525637437778,15573
volty_expan_close,1h,-2.4638790506414883,-3.561799101471404,-2.882035950353256,-0.581828749823167,6.309165526675787,0.9656106554383218,-0.9633051101378828,9224
volty_expan_close,1h,-2.6403072369534595,-3.7806060513077653,-3.145930739290415,-0.6142853154774295,6.305061559507524,0.976025278124396,-0.9744179544590519,9218
volty_expan_close,1h,-2.6708168470603777,-3.806098491443454,-3.205627508671812,-0.6222973262715085,6.30437756497948,0.9781426141837553,-0.9766772418775673,9217
volty_expan_close,1h,-0.8883590078061466,-1.1952110367378845,-1.0068226355618588,-0.3607593414747839,3.70656634746922,0.7390500233291691,-0.7112215037984437,5419
volty_expan_close,1h,-1.1175393327541523,-1.512130321574415,-1.3057249049347515,-0.40323244214653564,3.6963064295485637,0.8188914476023894,-0.7991843141518871,5404
volty_expan_close,1h,-1.185936477503145,-1.6035222952795594,-1.3987697070630145,-0.4163221575747226,3.6928864569083446,0.838487421105988,-0.8209126025562204,5399
volty_expan_close,1h,0.24162647087727163,0.30034398230622816,0.27041876569325596,0.13454416082267862,1.5034199726402189,0.27473122887532325,0.15649038222053338,2198
volty_expan_close,1h,0.024749036691480514,0.05996107729279701,0.05432165377305391,-0.05177296785851489,1.4781121751025992,0.36498986026947167,-0.07356967160752753,2161
volty_expan_close,1h,-0.05005652163585085,-0.028495715554735367,-0.026065344355640268,-0.10279544035754874,1.4678522571819426,0.38880529668573244,-0.15073189051178254,2146
volty_expan_close,1h,0.8296666672355522,0.8568864090825344,0.8249455804392274,0.7980947649025673,0.7318741450068399,0.22688634109538225,0.9476766240857679,1070
volty_expan_close,1h,0.6732042267312965,0.7330779912771674,0.6980519176135558,0.5685248497878764,0.7038303693570451,0.2670209137567634,0.7614232975827798,1029
volty_expan_close,1h,0.5623178920232543,0.633371911265294,0.6029731468958367,0.42692394482795254,0.6976744186046512,0.2999822698416937,0.6204526707305391,1020
volty_expan_close,1h,1.4907809739515927,1.3707034388064514,1.3416909528861696,1.799974375210537,0.4110807113543092,0.18573466025980537,2.174954799642667,601
volty_expan_close,1h,1.2688864747912698,1.2637613501234968,1.2236117148985441,1.3209947342410264,0.38235294117647056,0.2359107753039802,1.964240910206445,559
volty_expan_close,1h,1.0966954398041202,1.0809756838469358,1.0379480295416619,1.1764025246761571,0.37688098495212036,0.2214295639295637,1.5276701957358665,551
volty_expan_close+atr_ratio,1h,-1.1416466830228984,-1.4718179774219802,-1.4613559501804267,-0.3817090233332607,3.4835841313269493,0.7984731421880111,-0.7668717491265652,5093
volty_expan_close+atr_ratio,1h,-0.7303418674416218,-0.8734835541676501,-0.9665715857870625,-0.3032565667948098,2.6354309165526675,0.6549535290992049,-0.5880747925120513,3853
volty_expan_close+atr_ratio,1h,-0.5353449851393417,-0.5896784894942632,-0.7368751009029241,-0.26137019690253077,1.9425444596443229,0.538806245438243,-0.45555759432473303,2840
volty_expan_close+atr_ratio,1h,-1.270790689065108,-1.6234661274096718,-1.6628079595768062,-0.4085395007606576,3.4774281805745555,0.8415648319546329,-0.8150354921276253,5084
volty_expan_close+atr_ratio,1h,-0.8696706867908677,-1.0376228846931275,-1.1835416467917168,-0.3318634629203387,2.6292749658002736,0.7236603195812231,-0.667164522311372,3844
volty_expan_close+atr_ratio,1h,-0.6622643228532601,-0.731310265547501,-0.9437501087964356,-0.28871727998443,1.9363885088919288,0.6190249892462026,-0.5455565130310864,2831
volty_expan_close+atr_ratio,1h,-0.22732296794898973,-0.2422628428953053,-0.24277754734675958,-0.19194855528946575,2.289329685362517,0.4189855319707162,-0.28526102531700254,3347
volty_expan_close+atr_ratio,1h,-0.12087355010335135,-0.11114442334854807,-0.12281748250271173,-0.13190178671039535,1.813953488372093,0.35327021336068615,-0.17398071275243338,2652
volty_expan_close+atr_ratio,1h,-0.083483462722705,-0.07087749397650056,-0.08707810010969788,-0.09669678366398472,1.3741450068399452,0.34331102726612694,-0.1264861122260576,2009
volty_expan_close+atr_ratio,1h,-0.4481528709763677,-0.5233464567948851,-0.538873810390566,-0.2571738171374793,2.282489740082079,0.5659672087989845,-0.46744982282052233,3337
volty_expan_close+atr_ratio,1h,-0.34239298287570136,-0.3744038751641518,-0.42643142148377333,-0.21567335454969552,1.8064295485636115,0.5057739843890283,-0.37039176356355114,2641
volty_expan_close+atr_ratio,1h,-0.29329064542582683,-0.2996969870854516,-0.38011272135675894,-0.1979267806153951,1.3666210670314638,0.4480703684565536,-0.3106365764738522,1998
volty_expan_close+atr_ratio,1h,0.6563539812205226,0.6478405257790933,0.6555940946508024,0.6684651417121484,1.13406292749658,0.1954696177674178,0.6354359799740227,1658
volty_expan_close+atr_ratio,1h,0.6926086031480583,0.6493909811763056,0.7059518325721509,0.7368888696863024,0.9398084815321477,0.1807194841901951,0.6500011594882109,1374
volty_expan_close+atr_ratio,1h,0.6644519877517285,0.6012791619201263,0.7106488376156188,0.7024855723299748,0.7441860465116279,0.17825136300853478,0.6041125778175014,1088
volty_expan_close+atr_ratio,1h,0.29147197193476476,0.3251054211686841,0.3322548939328052,0.20584445095816528,1.1231190150478796,0.2504820900968058,0.2230914727226138,1642
volty_expan_close+atr_ratio,1h,0.3061537412586745,0.3280086465945662,0.3597039457558221,0.22346366298033804,0.93296853625171,0.24866199310362602,0.24186519685463023,1364
volty_expan_close+atr_ratio,1h,0.31148746753805356,0.3146733062792964,0.373332532181913,0.24539461790587044,0.7400820793433652,0.2275441439701084,0.24314367827275277,1082
volty_expan_close+atr_ratio,1h,1.4246063715003898,1.2561122284852952,1.2832873735817896,1.79058422677245,0.6231190150478796,0.16300241286744416,1.7893098469743622,911
volty_expan_close+atr_ratio,1h,1.4174130923824824,1.2495499360762015,1.3352003263519079,1.7234434001547654,0.5369357045143639,0.16655210099452636,1.7478018351900482,785
volty_expan_close+atr_ratio,1h,1.4907776941457351,1.2504203350542402,1.42662601312554,1.8754058539545908,0.4384404924760602,0.15247708513429795,1.7385203337473731,641
volty_expan_close+atr_ratio,1h,0.9196858530408094,0.8839438072022779,0.8949997371540145,0.9920280300456463,0.6094391244870041,0.19650997218308708,1.0409012465412786,891
volty_expan_close+atr_ratio,1h,1.0320784570927537,0.9760594122762069,1.030085749047331,1.1087632248935726,0.5218878248974008,0.19603283582462402,1.1985955054652724,763
volty_expan_close+atr_ratio,1h,1.1909511352880415,1.0713793190111485,1.2062815784330951,1.3350497805121784,0.4240766073871409,0.18429329546329357,1.4135889855319181,620
volty_expan_close+atr_ratio,1h,-1.0437318217555174,-1.3580783811410384,-1.3061286058745374,-0.3622062917891361,3.585499316005472,0.7733142588725281,-0.7319029431844314,5242
volty_expan_close+atr_ratio,1h,-0.7340433585456313,-0.8908615837056526,-0.9573260947461187,-0.3016696554651151,2.746922024623803,0.656835101247371,-0.587102643086113,4016
volty_expan_close+atr_ratio,1h,-0.5504305633036347,-0.6204265983378519,-0.7487730151163055,-0.2587600647786743,2.0471956224350207,0.5558145089041279,-0.4631192519694315,2993
volty_expan_close+atr_ratio,1h,-1.1934573403333015,-1.5403231657858731,-1.5318199832533503,-0.39260693014315734,3.5779753761969904,0.824234076153086,-0.7911355173128759,5231
volty_expan_close+atr_ratio,1h,-0.8902223474053522,-1.0776580694820173,-1.1970908285676296,-0.33343957014085485,2.7414500683994527,0.728853467118037,-0.6721754049701134,4008
volty_expan_close+atr_ratio,1h,-0.688997817861043,-0.7776844917864332,-0.9704512670961468,-0.2892954700587521,2.0410396716826265,0.6346499333447643,-0.5562725195251584,2984
volty_expan_close+atr_ratio,1h,-0.20781505470272202,-0.22815316758343498,-0.22142893316719806,-0.16708369239729537,2.3276333789329686,0.463064699173665,-0.27570813030629693,3403
volty_expan_close+atr_ratio,1h,-0.022437040371824264,-0.005881998888047016,-0.006189621159783225,-0.06075784822890163,1.8645690834473325,0.4042835034308484,-0.09481827065674166,2726
volty_expan_close+atr_ratio,1h,0.053951900765847535,0.0740065144474132,0.08704869810793836,-0.005884381484997513,1.4261285909712722,0.327296667145598,-0.007692227361466445,2085
volty_expan_close+atr_ratio,1h,-0.4084431499618439,-0.4775110038290197,-0.47470557991215095,-0.2500902481886357,2.319425444596443,0.5437636124664689,-0.443173323057047,3391
volty_expan_close+atr_ratio,1h,-0.22937390990082326,-0.2409202586067621,-0.2602142351524865,-0.18313845304124157,1.8570451436388509,0.43945244093194336,-0.2854383840962126,2715
volty_expan_close+atr_ratio,1h,-0.11318483504577294,-0.09818201036845342,-0.11823055208193498,-0.12814288424603693,1.4192886456908345,0.34167517107956163,-0.16417252627051598,2075
volty_expan_close+atr_ratio,1h,0.6681677382278165,0.6927073918659087,0.691587972427894,0.612027965843616,1.1436388508891928,0.23020132637218038,0.6954881502766102,1672
volty_expan_close+atr_ratio,1h,0.8465481249403198,0.8054149821202976,0.8551700306363991,0.8927704096709366,0.9637482900136799,0.1920905487783148,0.885137076150285,1409
volty_expan_close+atr_ratio,1h,0.9817363395644105,0.887617742047129,1.0149871705120914,1.073976971973105,0.7749658002735978,0.18572425236317597,1.0720015285808622,1133
volty_expan_close+atr_ratio,1h,0.35225627729378284,0.39395941161684467,0.3975506314112844,0.2513577440788655,1.1333789329685362,0.27145029356825207,0.3026305734395348,1657
volty_expan_close+atr_ratio,1h,0.4915400920248967,0.4987590373930519,0.5347083544305907,0.43874656912832904,0.957592339261286,0.22311480008521256,0.45366234010105566,1400
volty_expan_close+atr_ratio,1h,0.5666569756819654,0.550575313220829,0.6359763282154299,0.5187798397633494,0.771545827633379,0.22337827763581916,0.5514678974020493,1128
volty_expan_close+atr_ratio,1h,0.9477693662349493,0.9282451027432543,0.9457494149684645,0.975821668823694,0.6395348837209303,0.2059659455104952,1.0825562024255477,935
volty_expan_close+atr_ratio,1h,1.0186413715620386,0.9725658149566017,1.0283976611962466,1.0703191574017465,0.551983584131327,0.19623276987030377,1.1461007886630161,807
volty_expan_close+atr_ratio,1h,0.9314421544235041,0.8971523280151457,1.011955785701754,0.8966482916897324,0.460328317373461,0.21469670536040233,1.0242869427571732,673
volty_expan_close+atr_ratio,1h,0.6101525681512173,0.6417557233796876,0.6471358732601609,0.5310317227376468,0.6238030095759234,0.2451529077705925,0.632652920757239,912
volty_expan_close+atr_ratio,1h,0.6022860782025621,0.6332126273461954,0.6604023156128368,0.5029344419341094,0.539671682626539,0.2514338892893085,0.6111808408810109,789
volty_expan_close+atr_ratio,1h,0.6601270048559345,0.6706878239462079,0.7449888351165533,0.5611840824749509,0.448016415868673,0.24769630333381212,0.684286586256736,655
volty_expan_close+atr_ratio,1h,-1.1096226171732404,-1.4610397014177083,-1.3823204163708358,-0.368368705649688,3.6963064295485637,0.8003222661893051,-0.7531875897076395,5404
volty_expan_close+atr_ratio,1h,-0.8446193231392793,-1.0482673587164884,-1.1032424508736058,-0.3144654813020072,2.869357045143639,0.7132509590240388,-0.6384450687180844,4195
volty_expan_close+atr_ratio,1h,-0.6837626984145748,-0.7949858198489027,-0.9411491450084122,-0.27807875657496695,2.1634746922024624,0.631106497874839,-0.5383641601906655,3163
volty_expan_close+atr_ratio,1h,-1.3017816510720057,-1.700278004766309,-1.6655303660134346,-0.4067044645381726,3.6915184678522572,0.8531308554634179,-0.8185772804230967,5397
volty_expan_close+atr_ratio,1h,-1.039166924593938,-1.2843709204404,-1.3975605095346009,-0.35383467852465883,2.865253077975376,0.7830858394435526,-0.7273749713827209,4189
volty_expan_close+atr_ratio,1h,-0.8701181765299093,-1.009398816391675,-1.2374236073890228,-0.3171052258551086,2.1600547195622437,0.7126984061967636,-0.6416225879976578,3158
volty_expan_close+atr_ratio,1h,-0.36236332914270214,-0.42157449879125236,-0.40003933494564176,-0.24573909714169564,2.4596443228454175,0.4752191181761779,-0.3919013023034177,3596
volty_expan_close+atr_ratio,1h,-0.18620044060294993,-0.19568171667569556,-0.20034246213316975,-0.15941671764240262,2.008891928864569,0.4147745446950916,-0.23968352787157363,2937
volty_expan_close+atr_ratio,1h,-0.030757007235387344,-0.014914874874537281,-0.016767465323274267,-0.0658693922953005,1.5526675786593707,0.3446089186151352,-0.08786887707955059,2270
volty_expan_close+atr_ratio,1h,-0.5171519677820849,-0.6272348671384615,-0.6092518604204178,-0.2782748760019167,2.451436388508892,0.5942626946197648,-0.5152250017022763,3584
volty_expan_close+atr_ratio,1h,-0.3252828907018843,-0.36467503164566484,-0.3825577537396105,-0.21548517307245096,2.002735978112175,0.497752825108829,-0.3652136788825177,2928
volty_expan_close+atr_ratio,1h,-0.12259426439549165,-0.1115804940159414,-0.1283649585692452,-0.13150859739447177,1.5444596443228453,0.3573351864749991,-0.1753530166746787,2258
volty_expan_close+atr_ratio,1h,0.5666231047119361,0.6200718676463417,0.6098826072605336,0.4520985849174645,1.213406292749658,0.26923025533448025,0.5842172695750211,1774
volty_expan_close+atr_ratio,1h,0.8015329900584092,0.8091816277220738,0.8309963146039591,0.7618714819613065,1.0355677154582763,0.22467694108226674,0.8830894421835008,1514
volty_expan_close+atr_ratio,1h,0.8469085877394988,0.8146756043669927,0.9025989501628296,0.8341955364795095,0.8385772913816689,0.21116456245795517,0.9153526306979749,1226
volty_expan_close+atr_ratio,1h,0.22817747975004626,0.2788543218673112,0.2759031708497104,0.11288266582736224,1.2038303693570451,0.338125667489371,0.161883088380312,1760
volty_expan_close+atr_ratio,1h,0.46373991418302185,0.49602514258239355,0.5144528263337655,0.3699800308331158,1.0294117647058822,0.2581424492792614,0.44106342229875295,1505
volty_expan_close+atr_ratio,1h,0.5016398106086056,0.5179967157281263,0.5760060582817481,0.40546435610943543,0.8337893296853626,0.25809271128740785,0.48982914915237713,1219
volty_expan_close+atr_ratio,1h,1.0537467812320884,1.0092700399911751,1.030271822373989,1.1365240617447385,0.6627906976744186,0.20017644225123546,1.2729586071340477,969
volty_expan_close+atr_ratio,1h,1.2411359579683514,1.115706011931839,1.1639505108536812,1.485561333131705,0.5834473324213406,0.16946566215841252,1.4582052828278713,853
volty_expan_close+atr_ratio,1h,1.1924388778765485,1.0605760163254263,1.1622550970736347,1.3984398074142923,0.49589603283173733,0.1684431750799062,1.3332747936820957,725
volty_expan_close+atr_ratio,1h,0.7814150090264107,0.7942088294000246,0.7953585683994701,0.7504130224885327,0.6450068399452804,0.22812481115069932,0.8831723641586541,943
volty_expan_close+atr_ratio,1h,0.9930271140808192,0.9636558423286297,0.9835880528997789,1.0416278709314457,0.56703146374829,0.2056293887769399,1.1757904885670487,829
volty_expan_close+atr_ratio,1h,0.9860464436980017,0.9426054462208442,1.0104844576029501,1.019529759762596,0.48221614227086185,0.20545552403161682,1.1420991068264676,705
volty_expan_close+atr_ratio+garch,1h,-0.10862290162605853,-0.10664257663243623,-0.1189058714379423,-0.10098036513900452,1.6668946648426812,0.387021608909602,-0.14758865123893636,2437
volty_expan_close+atr_ratio+garch,1h,-0.3042799817596465,-0.3417569028479171,-0.38421156287821545,-0.1743791725233834,1.698358413132695,0.4815379349003442,-0.2962387155573893,2483
volty_expan_close+atr_ratio+garch,1h,-0.031485541449164406,-0.01948331161620428,-0.02434225679764867,-0.054631799211293644,1.2373461012311902,0.3093661914287324,-0.06599930498349463,1809
volty_expan_close+atr_ratio+garch,1h,-0.16401778918669538,-0.16315511260788418,-0.20267412643555596,-0.12651168737624974,1.2585499316005473,0.3546237516200141,-0.1679503151549319,1840
volty_expan_close+atr_ratio+garch,1h,-0.212915022227201,-0.22583688204265043,-0.2555901553530324,-0.15301074268077036,1.6641586867305063,0.42069762769094043,-0.23395799197808287,2433
volty_expan_close+atr_ratio+garch,1h,-0.4219000114731134,-0.4816007885122979,-0.5492902480667092,-0.2149087388272716,1.6969904240766074,0.5255236497805973,-0.38124091313622926,2481
volty_expan_close+atr_ratio+garch,1h,-0.1246204465574412,-0.11543249429057183,-0.14644793578618154,-0.11504356035119334,1.234610123119015,0.32132172737949,-0.14004646415159808,1805
volty_expan_close+atr_ratio+garch,1h,-0.3052604308406365,-0.31812088569757574,-0.40322726484878163,-0.19014632368990564,1.2571819425444597,0.4028786387391234,-0.27330062742253713,1838
volty_expan_close+atr_ratio+garch,1h,0.6786049046315705,0.6284573869086805,0.6908478258518558,0.7332253403751386,0.8761969904240766,0.16399825696731476,0.5759123272284861,1281
volty_expan_close+atr_ratio+garch,1h,0.689249886877053,0.6564115622198343,0.7067196305472848,0.7155645760831129,0.899452804377565,0.17239470044060096,0.5935206463779817,1315
volty_expan_close+atr_ratio+garch,1h,0.6585020679382436,0.5792372219079538,0.7021134261772966,0.7205771710729103,0.6949384404924761,0.15494554167441443,0.5280225415717629,1016
volty_expan_close+atr_ratio+garch,1h,0.6956525805358293,0.6226816400959974,0.7300638411018912,0.7585359072228769,0.7120383036935705,0.1538931813925757,0.5562035247676905,1041
volty_expan_close+atr_ratio+garch,1h,0.45130747060032556,0.4551542950834255,0.499665761194279,0.3978200806955722,0.8679890560875513,0.2082509019544759,0.3755005439482558,1269
volty_expan_close+atr_ratio+garch,1h,0.42244117436463646,0.42972878292009853,0.46570267698635354,0.3694628603356367,0.8919288645690835,0.20238626568100812,0.33488582313549775,1304
volty_expan_close+atr_ratio+garch,1h,0.45354123571698096,0.4302178804260146,0.5195520964106466,0.41862818207793717,0.6901504787961696,0.19199598490301972,0.3629684228099487,1009
volty_expan_close+atr_ratio+garch,1h,0.4171312747031465,0.41039636202534036,0.48297153812482935,0.36027089485187186,0.7086183310533516,0.20129474538541178,0.32370957041895376,1036
volty_expan_close+atr_ratio+garch,1h,1.5582133508931235,1.2457254356006078,1.3421796992142023,2.190897556295399,0.49863201094391246,0.12408833193733464,1.6202819511827309,729
volty_expan_close+atr_ratio+garch,1h,1.8052294282431953,1.4602393286337352,1.5502336947978,2.520211961167871,0.5109439124487004,0.13214516939998283,2.162736463827156,747
volty_expan_close+atr_ratio+garch,1h,1.5156826202794655,1.1850370878706438,1.3685411407359431,2.103684809701417,0.4117647058823529,0.12099944900555318,1.4802499919677583,602
volty_expan_close+atr_ratio+garch,1h,1.7190511040354655,1.3261069315860523,1.4987386842672497,2.463289087069565,0.4220246238030096,0.1198046285846108,1.8174708993510915,617
volty_expan_close+atr_ratio+garch,1h,1.1501201350093901,1.033801790059637,1.0918929502939074,1.363438446324544,0.4883720930232558,0.16349522238011466,1.2391072918912187,714
volty_expan_close+atr_ratio+garch,1h,1.3970673331894643,1.2048402033731997,1.2615202484436818,1.788917257690266,0.5020519835841313,0.1505984019199499,1.6000669947105446,734
volty_expan_close+atr_ratio+garch,1h,1.3252118529713457,1.1059578711937657,1.2453912059341847,1.6973711423786135,0.4021887824897401,0.1410944636577139,1.3631604643500495,588
volty_expan_close+atr_ratio+garch,1h,1.4469865495798249,1.2122891675923502,1.3463261208911914,1.8605768209184244,0.4117647058823529,0.1436787795212117,1.5830218619866572,602
volty_expan_close+atr_ratio+garch,1h,-0.005069986340190265,0.010963420533318717,0.011883730459872349,-0.04340157897159819,1.6662106703146375,0.3531018630740171,-0.059987097117451545,2436
volty_expan_close+atr_ratio+garch,1h,-0.23586254644558782,-0.2655826271713614,-0.29136850732952185,-0.1407298112606223,1.707934336525308,0.489267832959637,-0.24855575792572832,2497
volty_expan_close+atr_ratio+garch,1h,0.13547195924136723,0.1560315344627086,0.1876721819555381,0.05585896956540793,1.2476060191518468,0.31446148406173174,0.07223946439600736,1824
volty_expan_close+atr_ratio+garch,1h,-0.08367457740607576,-0.07805297841209907,-0.09491899416285166,-0.07992562597460208,1.2722298221614228,0.3589646932259218,-0.11006175892622884,1860
volty_expan_close+atr_ratio+garch,1h,-0.16336135994073958,-0.16879366157976317,-0.18656357350241043,-0.13291607752703732,1.6641586867305063,0.393944309827145,-0.19380504632320283,2433
volty_expan_close+atr_ratio+garch,1h,-0.37666163890952825,-0.43381210373543894,-0.48427939786534696,-0.19284326018582862,1.7065663474692203,0.535197353973418,-0.35360208800829424,2495
volty_expan_close+atr_ratio+garch,1h,-0.012966983157411276,-9.539254443961123e-05,-0.0001168986439632968,-0.04297918848815481,1.2462380300957592,0.3276358350618443,-0.05522243188246197,1822
volty_expan_close+atr_ratio+garch,1h,-0.22443060310653457,-0.2326295172838128,-0.2886190277177298,-0.14931029292563508,1.2708618331053352,0.4024690372368607,-0.21982970672974195,1858
volty_expan_close+atr_ratio+garch,1h,0.5659076886704749,0.5627829213767933,0.6123962102002661,0.5235855235322592,0.8809849521203831,0.2000759179293914,0.49042057018546986,1288
volty_expan_close+atr_ratio+garch,1h,0.6792750385985362,0.6659214039262232,0.7067973106735984,0.6695576127532247,0.8939808481532148,0.1882084998272499,0.6086710149555944,1307
volty_expan_close+atr_ratio+garch,1h,0.810163205890259,0.7190853208187746,0.848431991824791,0.8933316000510393,0.7093023255813954,0.16096576518034836,0.7128541154468349,1037
volty_expan_close+atr_ratio+garch,1h,0.8713134306516443,0.7550499682382922,0.8572319946345984,1.0404128165531603,0.7181942544459644,0.14050068819648634,0.7271926994558369,1050
volty_expan_close+atr_ratio+garch,1h,0.5379494862235276,0.5540948447323677,0.5987055261262576,0.45566630164234395,0.8734610123119015,0.23227037496708972,0.496270417279666,1277
volty_expan_close+atr_ratio+garch,1h,0.6286350411891913,0.6377636549820828,0.6778001922428881,0.567298405078306,0.8878248974008208,0.21774659603818483,0.5944740593971566,1298
volty_expan_close+atr_ratio+garch,1h,0.756874821364088,0.7088977799928758,0.8289588533145054,0.7487601779086204,0.7045143638850889,0.19505196266232705,0.7263986417848254,1030
volty_expan_close+atr_ratio+garch,1h,0.7450406201896462,0.7022428193248702,0.7940511829913924,0.7530937918742681,0.7147742818057455,0.18359322503803313,0.6799058791837761,1045
volty_expan_close+atr_ratio+garch,1h,0.9918664302350457,0.9062092227585604,0.9974225015923104,1.100519968846428,0.5054719562243503,0.16999272495862378,0.9876372768171912,739
volty_expan_close+atr_ratio+garch,1h,1.3497530189744786,1.2582012810531784,1.3370442814042824,1.4845307404397414,0.5136798905608755,0.18696283547800535,1.667531085428238,751
volty_expan_close+atr_ratio+garch,1h,1.0993917362302745,0.9299583372608101,1.0816186807974986,1.3430759902890028,0.42339261285909713,0.14267803551861075,1.0183100690868443,619
volty_expan_close+atr_ratio+garch,1h,1.333704659367169,1.1728596008783967,1.3177613764932525,1.5641080202261153,0.42954856361149113,0.16063926880900975,1.4543180036401562,628
volty_expan_close+atr_ratio+garch,1h,0.6848690758443702,0.6800559777109432,0.737754548755217,0.6384010671114263,0.4952120383036936,0.21109914508650388,0.6593280726266487,724
volty_expan_close+atr_ratio+garch,1h,1.185089747164308,1.0995847633722537,1.1461109259471571,1.3380752134375316,0.5041039671682627,0.17908281496041326,1.3642038752224481,737
volty_expan_close+atr_ratio+garch,1h,0.7432898988358024,0.6901408132614676,0.7907241757523789,0.7667210693516725,0.4158686730506156,0.1779074148156012,0.668951554086422,608
volty_expan_close+atr_ratio+garch,1h,1.1059700313178658,0.9941931075329098,1.0944347716580225,1.2665411893576501,0.42270861833105333,0.16469400518306532,1.1358892441911923,618
volty_expan_close+atr_ratio+garch,1h,-0.20222422936189802,-0.21623390942739174,-0.22906172783502432,-0.15670715746811345,1.7305061559507524,0.37523128148317225,-0.21552732167322722,2530
volty_expan_close+atr_ratio+garch,1h,-0.29027397312219794,-0.331749488828647,-0.35442181659116473,-0.1708254420446325,1.7585499316005473,0.46248561088443263,-0.28083181861329126,2571
volty_expan_close+atr_ratio+garch,1h,-0.02592834806156355,-0.014484057307531452,-0.016966031914403556,-0.050149718547433005,1.316689466484268,0.33327615218461903,-0.06528546003084222,1925
volty_expan_close+atr_ratio+garch,1h,-0.20765336166237763,-0.2200490571922468,-0.2591341832345324,-0.13964494605039737,1.338577291381669,0.38910938138342727,-0.200516369594366,1957
volty_expan_close+atr_ratio+garch,1h,-0.3756311438875502,-0.4226660296669841,-0.4558309372228279,-0.23271816951302748,1.7291381668946648,0.4269553550914034,-0.34241759579807984,2528
volty_expan_close+atr_ratio+garch,1h,-0.47357237069334884,-0.5521867769355218,-0.6008266012804491,-0.2414989317833514,1.7578659370725034,0.5029158374334165,-0.4046886242817491,2570
volty_expan_close+atr_ratio+garch,1h,-0.18032605162477908,-0.18212575564817549,-0.21679676575097126,-0.14145573213405835,1.3160054719562244,0.35138917567262523,-0.18471759235613683,1924
volty_expan_close+atr_ratio+garch,1h,-0.3707446875776064,-0.4106674715073595,-0.49245793159115026,-0.1958010649910585,1.3378932968536252,0.46456264576030015,-0.31750929145765583,1956
volty_expan_close+atr_ratio+garch,1h,0.6208018803733227,0.6457493212498167,0.6940065596537975,0.5143339465908562,0.908344733242134,0.2398338775654073,0.5934931683113248,1328
volty_expan_close+atr_ratio+garch,1h,0.541251390077133,0.5836213744520655,0.6181946968471592,0.40781477080719647,0.9295485636114911,0.26205021223670316,0.5018615535656372,1359
volty_expan_close+atr_ratio+garch,1h,0.8051473322436171,0.764544890874259,0.8689003924133168,0.7955308605663948,0.7400820793433652,0.1891214774662472,0.7531313075048156,1082
volty_expan_close+atr_ratio+garch,1h,0.6103100971740704,0.5888760118243805,0.6608529992406083,0.5883459755737855,0.7558139534883721,0.18308060516355332,0.5064691663166059,1105
volty_expan_close+atr_ratio+garch,1h,0.36566589712536696,0.4025454497633174,0.4320105611274642,0.25014849627266916,0.9042407660738714,0.27410687071409096,0.3042739605828315,1322
volty_expan_close+atr_ratio+garch,1h,0.27125822558180424,0.3172851665054377,0.3378938649987856,0.1432533315999783,0.9247606019151847,0.33891993097875106,0.20913302713641793,1352
volty_expan_close+atr_ratio+garch,1h,0.5530247940130075,0.5533788508784246,0.6317174675985436,0.4738600446069153,0.738030095759234,0.22130912255751375,0.49102966630967493,1079
volty_expan_close+atr_ratio+garch,1h,0.2991238982771925,0.32307000053112617,0.36599358378391694,0.2003260764318898,0.7537619699042407,0.25751677497533365,0.22321716232921185,1102
volty_expan_close+atr_ratio+garch,1h,0.991340612137113,0.940451318906048,1.0314621261568342,1.0190714890921453,0.5259917920656635,0.19860835642236413,1.092367713238037,769
volty_expan_close+atr_ratio+garch,1h,1.4166555556510003,1.2286328522877468,1.31915400319935,1.764854045920322,0.5259917920656635,0.15844170624199017,1.68492318047841,769
volty_expan_close+atr_ratio+garch,1h,1.1124639446382765,0.9903106753149201,1.1312585756721618,1.2565403393688668,0.4473324213406293,0.1693056492119208,1.1654017335993516,654
volty_expan_close+atr_ratio+garch,1h,1.5029505732570878,1.2095997687714224,1.3511561360084279,2.0458794164866347,0.4473324213406293,0.13124951847131314,1.59279406552966,654
volty_expan_close+atr_ratio+garch,1h,0.868984405371341,0.8518851076904361,0.908663634620386,0.8521042396968359,0.5136798905608755,0.2123351417483675,0.946718167977289,751
volty_expan_close+atr_ratio+garch,1h,1.2803772327245009,1.181527979857666,1.231670010240588,1.4608834590308604,0.5129958960328317,0.18252627644677086,1.577509093730663,750
volty_expan_close+atr_ratio+garch,1h,1.0283937378045234,0.9325056549987758,1.0380528021688542,1.1465854505145228,0.4384404924760602,0.1753044216369678,1.0826636331892252,641
volty_expan_close+atr_ratio+garch,1h,1.5198398812423086,1.2363831730017432,1.3403678839581301,2.0772541561805746,0.4370725034199726,0.13361328916701293,1.667503348675997,639
lorentzian_knn,1h,-1.7939233047803391,-2.587088908220897,-2.080535421599045,-0.44975705004088834,4.52530779753762,0.8637681606987798,-0.8605458732188161,6616
lorentzian_knn,1h,-2.138726064516185,-3.0523635929360973,-2.5480839447647305,-0.5111848130410894,4.524623803009576,0.924760468834578,-0.9229808305318449,6615
lorentzian_knn,1h,-1.7232142908987118,-2.4817213256928214,-1.993839610131598,-0.44124625860701266,4.482900136798905,0.8523861370481934,-0.8488946309149833,6554
lorentzian_knn,1h,-2.041439965560916,-2.9095042610337836,-2.426129884484042,-0.49933098600729997,4.482216142270862,0.9154248531133496,-0.9134243997808071,6553
lorentzian_knn,1h,-1.6787367756781864,-2.4151244431245633,-1.9394973552329038,-0.4361259728616335,4.478112175102599,0.8451127239447411,-0.8414491799964332,6547
lorentzian_knn,1h,-1.9993920036147121,-2.8475237738416586,-2.373654479248798,-0.4942871676780306,4.477428180574555,0.9111444713964406,-0.9090427743275784,6546
lorentzian_knn,1h,-0.9625068002315026,-1.3198025771345094,-1.099876773000567,-0.34874245825842903,2.9870041039671684,0.6462354370935519,-0.6404514993919431,4367
lorentzian_knn,1h,-1.226307520341128,-1.692459670120228,-1.437113097127524,-0.393965743849265,2.9870041039671684,0.7673157873248789,-0.7635114747074606,4367
lorentzian_knn,1h,-0.8956135789023888,-1.220849071184288,-1.016523170147446,-0.3410566646147995,2.969904240766074,0.6202513375267853,-0.6140425680899374,4342
lorentzian_knn,1h,-1.1645687053754905,-1.6024697598012398,-1.3591602634443374,-0.386109074738978,2.969904240766074,0.7496932360554225,-0.745600800348887,4342
lorentzian_knn,1h,-0.8461954810781136,-1.1485477026757973,-0.953736120195126,-0.33551854649752294,2.96922024623803,0.6003901670823463,-0.5938566738473163,4341
lorentzian_knn,1h,-1.1269271407571904,-1.548871625846981,-1.3099696864497612,-0.38129194827823215,2.96922024623803,0.7382482128146604,-0.7339686546307497,4341
lorentzian_knn,1h,-1.5753926665100766,-2.2721696795113457,-1.8110270648584266,-0.41072225082670105,4.632010943912449,0.8366401184534872,-0.8148256595188418,6772
lorentzian_knn,1h,-1.9154363005019495,-2.726833000726635,-2.2708502950433567,-0.47816003899429504,4.632010943912449,0.901413880526633,-0.8955236917075162,6772
lorentzian_knn,1h,-1.509911185672731,-2.1736276416721636,-1.732080508517368,-0.40278658816218343,4.595075239398085,0.8243909892802712,-0.8013968926730647,6718
lorentzian_knn,1h,-1.8406036867074438,-2.616225185424122,-2.1780540191242395,-0.4689913560017437,4.595075239398085,0.8921622780145206,-0.8859403725302203,6718
lorentzian_knn,1h,-1.4980650473915311,-2.155360448565375,-1.717958670003261,-0.40177755654800945,4.573871409028728,0.8229099241308562,-0.799691998495936,6687
lorentzian_knn,1h,-1.828756622726318,-2.598862255245042,-2.162882192647905,-0.46782354277976607,4.573871409028728,0.8909942737603332,-0.8846875173324201,6687
lorentzian_knn,1h,-1.2670839161301832,-1.7883626215748145,-1.472110599660034,-0.3670189586741566,3.0615595075239397,0.7562243981716722,-0.7280778662151417,4476
lorentzian_knn,1h,-1.5898044737958184,-2.2314206764942197,-1.8902436830596627,-0.4338769942674393,3.0615595075239397,0.8461063188713684,-0.8399659284113236,4476
lorentzian_knn,1h,-1.253771859431767,-1.7685499785677612,-1.4555541046748146,-0.3656187886740606,3.048563611491108,0.7526944924653199,-0.7245183613767671,4457
lorentzian_knn,1h,-1.5933143247136703,-2.2372192885733435,-1.8939877793474629,-0.4341009182669807,3.048563611491108,0.8465736437841782,-0.8403629324961189,4457
lorentzian_knn,1h,-1.2695463759241443,-1.7898971427568817,-1.4768283435309006,-0.3684633858737376,3.0499316005471955,0.7533461259881622,-0.7281257661343072,4459
lorentzian_knn,1h,-1.626161405981579,-2.2839948221162025,-1.936609737431722,-0.4386018530186044,3.0499316005471955,0.8501936051871947,-0.8457506580982327,4459
lorentzian_knn,1h,-0.8221629190408952,-1.1457037724606867,-0.8950011450338193,-0.31793688848824914,3.853625170998632,0.6397885287518017,-0.5978558432980495,5634
lorentzian_knn,1h,-1.2582462471133609,-1.7682412552920654,-1.4364192614110902,-0.40007988857735804,3.8529411764705883,0.7800329663454117,-0.7765119178862233,5633
lorentzian_knn,1h,-0.7968275862349543,-1.107995663474348,-0.8650946280700065,-0.31366977474737706,3.837893296853625,0.6310979884887336,-0.5867088457529286,5611
lorentzian_knn,1h,-1.232374005743732,-1.7295967136225632,-1.4049198427275467,-0.3968645582548096,3.8372093023255816,0.7733473802717925,-0.769719314537551,5610
lorentzian_knn,1h,-0.8160621225625476,-1.1384365731997093,-0.8895966175043745,-0.31269502677117206,3.8296853625171,0.6465825901741341,-0.5953644086719064,5599
lorentzian_knn,1h,-1.2547299953377278,-1.7623292063751126,-1.4329793223979033,-0.3996817202277056,3.829001367989056,0.7792156172237377,-0.7756814853228378,5598
lorentzian_knn,1h,-0.4253730098046246,-0.5411484974408081,-0.45117836745736684,-0.2452003353036379,2.4589603283173735,0.45099393353815315,-0.3746324661553384,3595
lorentzian_knn,1h,-0.6971630301693542,-0.9136602236886963,-0.7781890746405449,-0.32747406100570725,2.4589603283173735,0.5691483840928329,-0.5622939525615406,3595
lorentzian_knn,1h,-0.4484374874861449,-0.572769227036519,-0.4792306198120439,-0.25186870242641374,2.4589603283173735,0.4599074424189948,-0.3892947329463875,3595
lorentzian_knn,1h,-0.687304527179417,-0.8990713432611963,-0.7660406569448579,-0.32621264263827054,2.4589603283173735,0.5641342709565021,-0.5572000697460012,3595
lorentzian_knn,1h,-0.509161289620761,-0.6581366054671001,-0.5513344680391724,-0.26835435674056435,2.454172366621067,0.48151982395742327,-0.42548448141412615,3588
lorentzian_knn,1h,-0.7065483221502142,-0.9268191120273164,-0.7905294936270469,-0.3288727641705788,2.454172366621067,0.5746445724473959,-0.5678775799446906,3588
lorentzian_knn,1h,-1.2936392988354102,-1.8369775729104971,-1.4786553069714348,-0.384172258599269,4.067715458276334,0.7622954103064482,-0.7504269734638198,5947
lorentzian_knn,1h,-1.7286457257198409,-2.445937998708422,-2.045398096638458,-0.45550365748311517,4.067715458276334,0.8696965037019833,-0.8674160164581837,5947
lorentzian_knn,1h,-1.2800008380316907,-1.8164207540845998,-1.4619582665484503,-0.3828168547777187,4.04172366621067,0.7574366537709413,-0.7463116183826439,5909
lorentzian_knn,1h,-1.7106116629629207,-2.4196767825367247,-2.0222910609794758,-0.45351210551462623,4.04172366621067,0.8656401056049722,-0.8642467497970707,5909
lorentzian_knn,1h,-1.2947014012678866,-1.8375030018481908,-1.4811863531589822,-0.38448098193638547,4.023255813953488,0.7622566266935243,-0.7507384430639252,5882
lorentzian_knn,1h,-1.7146116115875187,-2.424599726404524,-2.028449917315876,-0.45412248610315437,4.023255813953488,0.8669675376786106,-0.8652565732680941,5882
lorentzian_knn,1h,-0.7315826457804219,-0.9805087605576096,-0.8166716858706925,-0.31459211932056774,2.6627906976744184,0.5418843997450422,-0.5269914466437631,3893
lorentzian_knn,1h,-1.02558118886025,-1.3937565666035086,-1.1938118257625583,-0.3664500483002638,2.6627906976744184,0.6881309601506466,-0.6877403872907707,3893
lorentzian_knn,1h,-0.7724771302542742,-1.040345268270145,-0.8694547201187593,-0.3183420230352945,2.6381668946648427,0.5623691543131929,-0.5462266682441479,3857
lorentzian_knn,1h,-1.0414452818594806,-1.4157817048976056,-1.2153266768002189,-0.3684486562012418,2.6381668946648427,0.6939967132891103,-0.693613486474164,3857
lorentzian_knn,1h,-0.7767301722875902,-1.0478652443358567,-0.8766224516771494,-0.3153244635003427,2.63953488372093,0.5717915468505561,-0.5490410078046869,3859
lorentzian_knn,1h,-1.0413458727129687,-1.4154277530579964,-1.2153755246782367,-0.36854038028766384,2.63953488372093,0.6942631811583171,-0.693880288057544,3859
lorentzian_knn,1h,-0.8400888509954694,-1.1415123014161448,-0.9393858982514481,-0.3388938698452568,3.307797537619699,0.6186071160875749,-0.6103061696848208,4836
lorentzian_knn,1h,-1.0744288144386511,-1.4742953117186135,-1.2369606389259822,-0.37874166024470357,3.3064295485636115,0.7351973824405624,-0.729434001873203,4834
lorentzian_knn,1h,-0.8278780313537515,-1.122993028794584,-0.9249021324353655,-0.33736726701769426,3.2886456908344734,0.6132805442518275,-0.6048636659867244,4808
lorentzian_knn,1h,-1.0539322914595324,-1.4443190233741863,-1.2114180324126858,-0.3759309079535068,3.2872777017783856,0.728257002757806,-0.7223425660952989,4806
lorentzian_knn,1h,-0.826806157650134,-1.1215683202796258,-0.9232807634408634,-0.33731533502008226,3.289329685362517,0.6130981209203696,-0.6046772722447986,4809
lorentzian_knn,1h,-1.0745988533875737,-1.4744149875466792,-1.2373279923674547,-0.3787815355288858,3.2879616963064295,0.7352945924611413,-0.7295333276521074,4807
lorentzian_knn,1h,-0.12984740322858265,-0.13950321888307518,-0.1179294984041035,-0.1288908871804051,2.0656634746922027,0.3682041803749794,-0.17696534290668667,3020
lorentzian_knn,1h,-0.5040326332079904,-0.6412093819745229,-0.5515457169112389,-0.273617217816032,2.0656634746922027,0.5268874625873323,-0.4639799798804349,3020
lorentzian_knn,1h,-0.0300938940022473,-0.013069503430871075,-0.01100354952350421,-0.07188342590949202,2.057455540355677,0.3506881775694038,-0.09721442390470335,3008
lorentzian_knn,1h,-0.4762479150589998,-0.6009630289912689,-0.5151808427293412,-0.27102816881229974,2.057455540355677,0.5028795891784238,-0.44395911435937113,3008
lorentzian_knn,1h,-0.0434983294442354,-0.03010067047037974,-0.02535065242041293,-0.07950955176653209,2.0506155950752394,0.35518006651424167,-0.10840810514926445,2998
lorentzian_knn,1h,-0.463427162289819,-0.5819075963280658,-0.498684338265984,-0.2701960742626584,2.0506155950752394,0.49252879746444195,-0.4356214784276648,2998
lorentzian_knn,1h,-0.6818184310085306,-0.9222602049204089,-0.7471119121567769,-0.29593591797777996,3.643638850889193,0.5857760273373134,-0.5335343683041042,5327
lorentzian_knn,1h,-1.1416964916035979,-1.5781846086930809,-1.3218898953821028,-0.3795189317057824,3.643638850889193,0.7628515775862351,-0.7456771663395434,5327
lorentzian_knn,1h,-0.6305217089948201,-0.846576514055403,-0.68534903288387,-0.2876213116916596,3.6299589603283176,0.5631824256680634,-0.5073012443955467,5307
lorentzian_knn,1h,-1.0694897871049684,-1.4726091440997469,-1.2318981025363074,-0.3695889956805916,3.6299589603283176,0.7423406430120456,-0.7232398535310812,5307
lorentzian_knn,1h,-0.6080912145220244,-0.8139596166896262,-0.6580498012121655,-0.28364142494174766,3.6203830369357046,0.5539033252520634,-0.4957237147794561,5293
lorentzian_knn,1h,-1.039070740372614,-1.4287687456936813,-1.1940732500165523,-0.3644708903005863,3.6203830369357046,0.7357076951041881,-0.7136190607513735,5293
lorentzian_knn,1h,-0.1831734141249085,-0.1968309752582737,-0.16579271866804288,-0.18234402807062053,2.3084815321477428,0.30820855558410254,-0.2068060376131501,3375
lorentzian_knn,1h,-0.5153500825480212,-0.6500449886326196,-0.5596534135275569,-0.2914535434556877,2.3084815321477428,0.49445983438746594,-0.46384597278273887,3375
lorentzian_knn,1h,-0.16526412454060893,-0.17402550369028733,-0.14673957080810282,-0.17210683940687715,2.3057455540355676,0.30449751476702125,-0.19395692613938073,3371
lorentzian_knn,1h,-0.5257374233909589,-0.6644457201907796,-0.5724026017122311,-0.2941278493365922,2.3057455540355676,0.4987987431219961,-0.4703365812358573,3371
lorentzian_knn,1h,-0.2121916509846915,-0.23081490124262888,-0.19487140490703933,-0.2046808967184272,2.3084815321477428,0.3030795095557587,-0.22626592512830607,3375
lorentzian_knn,1h,-0.5312712629786935,-0.6724851822007999,-0.5791983818494599,-0.2950589184784523,2.3084815321477428,0.5027857872752491,-0.47440455955765065,3375
lorentzian_knn,1h,-1.4796023123611257,-2.0993521881049304,-1.7171545832219688,-0.4157168738418758,4.10875512995896,0.8079475730693015,-0.8059120104244346,6007
lorentzian_knn,1h,-1.8983032093725498,-2.681827895583436,-2.266410519296093,-0.4854963178344918,4.10875512995896,0.9013152973977493,-0.9002693387631859,6007
lorentzian_knn,1h,-1.444741909566556,-2.0486617762833736,-1.672788864640005,-0.41146846553734995,4.102599179206567,0.8001277632456223,-0.7980093184782953,5998
lorentzian_knn,1h,-1.8697040996351366,-2.6413377244424776,-2.2288708665851313,-0.4816924996086874,4.102599179206567,0.8975943937426781,-0.8965089972701935,5998
lorentzian_knn,1h,-1.434512858305558,-2.0330851563738976,-1.660552704359192,-0.4103766148274708,4.091655266757866,0.798068449292708,-0.795928191820393,5982
lorentzian_knn,1h,-1.867560455870446,-2.6382509716182807,-2.226116650932306,-0.4814169064781399,4.091655266757866,0.8973198349542734,-0.8962315355294022,5982
lorentzian_knn,1h,-0.9039042454958188,-1.2290832819125368,-1.0320344893330613,-0.3422019531029522,2.6928864569083446,0.6126631771114008,-0.6103306123104291,3937
lorentzian_knn,1h,-1.1420489240196816,-1.5651322795602534,-1.3352127443174802,-0.3847739630011206,2.6928864569083446,0.7407079251133,-0.739146453207428,3937
lorentzian_knn,1h,-0.8589776770895559,-1.1631391100848372,-0.974970927753175,-0.33743584909889485,2.668262653898769,0.5947904690633753,-0.5923502737784707,3901
lorentzian_knn,1h,-1.1196258279473323,-1.532873982457767,-1.3062458400568608,-0.3820082764905572,2.668262653898769,0.7338724306790505,-0.732269795029443,3901
lorentzian_knn,1h,-0.8156473671893971,-1.0986904060665947,-0.9209947803431049,-0.3329092355327591,2.652530779753762,0.5770360053128908,-0.5744888916180676,3878
lorentzian_knn,1h,-1.063446713622298,-1.4505040774558788,-1.235558879051558,-0.3752580630815971,2.652530779753762,0.7164195803898005,-0.7147118426640293,3878
lorentzian_knn,1h,-1.7451413687716457,-2.4950684266267062,-2.0521526036666398,-0.43822739006990363,4.2701778385772915,0.8491247957149839,-0.844974044276871,6243
lorentzian_knn,1h,-2.0555292533894556,-2.9017357033563225,-2.4848062945934872,-0.49797694556293604,4.2701778385772915,0.9139347428298132,-0.9121516827776849,6243
lorentzian_knn,1h,-1.7870047413348384,-2.5554657560786165,-2.1073894793588166,-0.4420053169858232,4.2476060191518465,0.8559300872882112,-0.8510305997693232,6210
lorentzian_knn,1h,-2.0899913951775635,-2.9492312665895737,-2.532838821908523,-0.5014908065639232,4.2476060191518465,0.9172334704419043,-0.9152520492222803,6210
lorentzian_knn,1h,-1.779251770968698,-2.5425465433716314,-2.0992172368434163,-0.44155994189006853,4.234610123119015,0.8541832554341794,-0.8499212534398981,6191
lorentzian_knn,1h,-2.095455797094045,-2.9570605864580974,-2.5397551209792293,-0.502350087390125,4.234610123119015,0.9171270000386008,-0.915712939187529,6191
lorentzian_knn,1h,-0.7667174239101752,-1.0341929099896567,-0.8715649716887386,-0.30523589469230283,2.743502051983584,0.5909208991180345,-0.5491961415152371,4011
lorentzian_knn,1h,-1.0181633513340056,-1.3878044972133807,-1.1881014802668808,-0.3553703612286298,2.743502051983584,0.7143352655031557,-0.69055400731977,4011
lorentzian_knn,1h,-0.6797827870118538,-0.908927299360785,-0.7632984957605242,-0.2907410617979418,2.729138166894665,0.5584828425815942,-0.5082205360136949,3990
lorentzian_knn,1h,-0.9493067649543308,-1.288820896253779,-1.1010818624173646,-0.3448461590920322,2.729138166894665,0.6945429108208587,-0.6660296793672077,3990
lorentzian_knn,1h,-0.6485220064301098,-0.8621207085488042,-0.723910853464259,-0.288334889904368,2.73187414500684,0.5398273398862174,-0.49221852862843823,3994
lorentzian_knn,1h,-0.9331062329752511,-1.2650819184689772,-1.0799657591483647,-0.3436124594771693,2.73187414500684,0.6861813361827944,-0.6594198542087057,3994
lorentzian_knn,1h,-1.0454722328123527,-1.4614046843934037,-1.1763310713121498,-0.36003679220448814,3.4377564979480164,0.6831280283646909,-0.6772160157927162,5026
lorentzian_knn,1h,-1.4065588656380401,-1.9700905299177385,-1.6444415150020737,-0.417300663901075,3.4377564979480164,0.8136259959202461,-0.8101487383719633,5026
lorentzian_knn,1h,-1.0008787971906008,-1.3939373867518785,-1.1228153792258977,-0.354864095740267,3.4316005471956226,0.6686480266677296,-0.6620873802067955,5017
lorentzian_knn,1h,-1.3600902778575854,-1.9009758291669208,-1.587330645857541,-0.4116691747785155,3.4316005471956226,0.8035658496187461,-0.7999035403833107,5017
lorentzian_knn,1h,-1.010337967814854,-1.4071671867674242,-1.1354943189609095,-0.3560759913987053,3.4254445964432283,0.6737604052114661,-0.6667317812956434,5008
lorentzian_knn,1h,-1.38219828383761,-1.932279825541087,-1.616161214758592,-0.4147932973119924,3.4254445964432283,0.8092070535706877,-0.8056499186814248,5008
lorentzian_knn,1h,-0.30078774800676883,-0.350278952181456,-0.2964783188668985,-0.239108904913723,2.1108071135430917,0.3315019444006333,-0.28164707193551825,3086
lorentzian_knn,1h,-0.528019713707673,-0.6675274827620344,-0.5681915173016936,-0.30183755137450374,2.1108071135430917,0.4732274187412538,-0.46064139324517256,3086
lorentzian_knn,1h,-0.3273971430482647,-0.3929563372637995,-0.3324121461742802,-0.23496988096820284,2.103967168262654,0.3664953269509232,-0.30281706628864175,3076
lorentzian_knn,1h,-0.5288631895656527,-0.67123873716352,-0.571756856235437,-0.29613545943204533,2.103967168262654,0.48378563356556215,-0.461720038554738,3076
lorentzian_knn,1h,-0.35228038022959846,-0.425368662196263,-0.359626193823237,-0.2474835240137406,2.10328317373461,0.368527788760502,-0.3182388635589542,3075
lorentzian_knn,1h,-0.5222316271522794,-0.6624876676276767,-0.5640418400330941,-0.2934133603042683,2.10328317373461,0.48370918973060173,-0.4583414070482977,3075
lorentzian_knn,1h,-1.1042600044938273,-1.53579420302775,-1.263329813074403,-0.369811264534688,3.6935704514363885,0.6969747625333023,-0.6969747625333018,5400
lorentzian_knn,1h,-1.3809415758776447,-1.9284137455023773,-1.6166771151053232,-0.415243143816989,3.6935704514363885,0.8030849437899248,-0.8030849437899307,5400
lorentzian_knn,1h,-1.0764728606896106,-1.494317411571384,-1.2296210256272186,-0.36619862790963814,3.6833105335157317,0.6863705511314354,-0.686370551131442,5385
lorentzian_knn,1h,-1.3672537600289612,-1.9080801041476774,-1.600490805595596,-0.4129149223040381,3.6833105335157317,0.7986867651655463,-0.7986867651655529,5385
lorentzian_knn,1h,-1.0523255833634275,-1.458610798449592,-1.1993593721800997,-0.3635781744318699,3.6751025991792066,0.6784395583132194,-0.6784395583132115,5373
lorentzian_knn,1h,-1.337898876460613,-1.8651907043027887,-1.5633636048149395,-0.4093783776500522,3.6751025991792066,0.7918197525704849,-0.791819752570486,5373
lorentzian_knn,1h,-0.6212522912200107,-0.8086112575411938,-0.6803879473182814,-0.31230468002682904,2.3980848153214773,0.47230147308098813,-0.4723014730809908,3506
lorentzian_knn,1h,-0.7808266091981266,-1.0334948266564188,-0.8909603148267919,-0.33380194695840515,2.3980848153214773,0.6102281066117267,-0.5984277195891007,3506
lorentzian_knn,1h,-0.632755435112084,-0.8261312177159388,-0.6943197472345753,-0.31335674618445286,2.3830369357045145,0.47773074678449834,-0.4777307467845044,3484
lorentzian_knn,1h,-0.7799768452222917,-1.0332226306305037,-0.8892571525157751,-0.3330354907178591,2.3830369357045145,0.6108323521317229,-0.5978891634160145,3484
lorentzian_knn,1h,-0.6316701533276577,-0.8308863709522523,-0.6968684116739272,-0.3008502714819288,2.3823529411764706,0.5003917963044938,-0.4798013425508888,3483
lorentzian_knn,1h,-0.7979745546278701,-1.060092084597597,-0.912313479330383,-0.33414558996572147,2.3823529411764706,0.6208110161837154,-0.6059411798616319,3483
lorentzian_knn,1h,-0.8603532921295913,-1.1711077693377432,-0.9739988454083275,-0.332368435906653,2.9377564979480164,0.6316352258851463,-0.6108854146767233,4295
lorentzian_knn,1h,-1.1710880341858148,-1.6044753263191287,-1.3754977312916175,-0.3888286142355931,2.9377564979480164,0.7608438204877646,-0.7546202872274732,4295
lorentzian_knn,1h,-0.8097143897715526,-1.0970725205132739,-0.9126965707173349,-0.32358803450347534,2.9384404924760603,0.6173120427863845,-0.590408439319086,4296
lorentzian_knn,1h,-1.1244891538907777,-1.5360891553049432,-1.317005977979785,-0.38317232791621647,2.9384404924760603,0.748097582139325,-0.7415423550107547,4296
lorentzian_knn,1h,-0.8070978719964871,-1.093769111155772,-0.908814576012397,-0.3231528491015307,2.9398084815321477,0.6166714479046684,-0.5894323827055254,4298
lorentzian_knn,1h,-1.121460126993453,-1.5327796311104447,-1.3117989963506458,-0.3826952521469378,2.9398084815321477,0.7469930358687673,-0.7404090652619091,4298
lorentzian_knn,1h,-0.3165054705151187,-0.36139305298315516,-0.31063472027380556,-0.2625261107990499,1.8276333789329686,0.31302899859009825,-0.29070810386377305,2672
lorentzian_knn,1h,-0.6467157456643139,-0.8326967969250956,-0.7242517336373988,-0.3212050226768532,1.8276333789329686,0.5441703211217709,-0.5367763583121853,2672
lorentzian_knn,1h,-0.28524732573049016,-0.315566595903702,-0.27085787601678657,-0.25921108187991126,1.829001367989056,0.28777071878411203,-0.26693560818256584,2674
lorentzian_knn,1h,-0.5942206218032128,-0.7568818174126168,-0.6569679183106879,-0.3145917311498655,1.829001367989056,0.5158792326359108,-0.508026363208768,2674
lorentzian_knn,1h,-0.21064194449541873,-0.22051114022105028,-0.1890996452403124,-0.2190253161163497,1.8242134062927498,0.26866395286019357,-0.21567013588115752,2667
lorentzian_knn,1h,-0.5754991171536047,-0.7290179045862313,-0.6344564239282954,-0.3118500938020784,1.8242134062927498,0.5036991147112532,-0.4956486729383033,2667
lorentzian_knn,1h,-0.48926589845527835,-0.6191549798411106,-0.5138647222487146,-0.29148163281406564,3.2311901504787963,0.42727377344333023,-0.4130281938293658,4724
lorentzian_knn,1h,-0.7251050696529014,-0.9573023600659374,-0.8090919728376809,-0.33152177925074067,3.2311901504787963,0.5959843612751492,-0.5859351672975297,4724
lorentzian_knn,1h,-0.459145327806419,-0.574744298019079,-0.4766316631696005,-0.2875270321596906,3.225718194254446,0.4083841310092827,-0.3936687040359782,4716
lorentzian_knn,1h,-0.6606661809371386,-0.8634886328763817,-0.7281561519083998,-0.3227462740468864,3.225718194254446,0.5630052480133881,-0.5521357553279687,4716
lorentzian_knn,1h,-0.4966663351199272,-0.6289981278680246,-0.5248094810955137,-0.2920807988135444,3.2243502051983586,0.43011068870747365,-0.41593567248031205,4714
lorentzian_knn,1h,-0.6647032585960851,-0.8689262882883527,-0.7336517450383888,-0.32345739923075806,3.2243502051983586,0.5657638089208685,-0.5549629306924254,4714
lorentzian_knn,1h,-0.18528552596421358,-0.20861103066865308,-0.18199332038375762,-0.1574770586054169,2.0499316005471955,0.35349699506948723,-0.20501250521533318,2997
lorentzian_knn,1h,-0.282048006597467,-0.33246947768896307,-0.2919309601958782,-0.20493642487706104,2.0499316005471955,0.42973114778111937,-0.30876344448928444,2997
lorentzian_knn,1h,-0.15345594907737029,-0.16611075068388814,-0.14447234105068898,-0.14556648829536115,2.049247606019152,0.33361612511837396,-0.1807836468393315,2996
lorentzian_knn,1h,-0.26783443729255546,-0.3132188361415073,-0.2745031536264571,-0.2006531891600514,2.049247606019152,0.42182125954550675,-0.29829705657800565,2996
lorentzian_knn,1h,-0.16070244128459915,-0.1725073050585753,-0.14976887528313756,-0.15589618892075927,2.0417236662106704,0.31793066642104656,-0.1842300702132388,2985
lorentzian_knn,1h,-0.2788497496465911,-0.3258105258674368,-0.28501939033580126,-0.21006574066291997,2.0417236662106704,0.4133689244145533,-0.30501244830612234,2985
lorentzian_knn,1h,-1.123558889806009,-1.565378573689057,-1.2868850551550193,-0.37113981261293394,3.5998632010943914,0.7088234191276278,-0.7055868084291322,5263
lorentzian_knn,1h,-1.4313835019349366,-1.9941126285105004,-1.6878259345236761,-0.4246355672454456,3.5998632010943914,0.823577084721718,-0.8216160331380454,5263
lorentzian_knn,1h,-1.096751625983926,-1.5270257812364536,-1.2520844942613991,-0.36771988403641653,3.602599179206566,0.6993749290077947,-0.6960332924033215,5267
lorentzian_knn,1h,-1.4081635522748917,-1.9612832886097025,-1.657462097948695,-0.42137202482134,3.602599179206566,0.8180720422684601,-0.8160497986780454,5267
lorentzian_knn,1h,-1.1426387062710912,-1.5942450030282767,-1.3101712131804977,-0.37296447035210434,3.603967168262654,0.7137427844986033,-0.7105608556379902,5269
lorentzian_knn,1h,-1.4375888694278192,-2.00303758726523,-1.6961012241339057,-0.42514489093851704,3.603967168262654,0.824421585875787,-0.8224699214532042,5269
lorentzian_knn,1h,-0.6987104258874985,-0.912443153580644,-0.7934205602825082,-0.3190233212349618,2.2674418604651163,0.5175001666045764,-0.51458778139894,3315
lorentzian_knn,1h,-0.993613444149946,-1.3283167894717516,-1.1756423902048052,-0.36531337099934624,2.2674418604651163,0.6885926395100166,-0.6867129742192902,3315
lorentzian_knn,1h,-0.6511713678331478,-0.8426208511408507,-0.7328036350465479,-0.31427312287614395,2.266073871409029,0.4952405577690706,-0.49219381281660807,3313
lorentzian_knn,1h,-0.9301667227610172,-1.237336643464882,-1.092701937935288,-0.3580716133149265,2.266073871409029,0.6665932299382626,-0.6645807754722066,3313
lorentzian_knn,1h,-0.6575574651057187,-0.8517390194202841,-0.7411538349597371,-0.31505235616561295,2.266073871409029,0.4989611443140284,-0.4959368569469565,3313
lorentzian_knn,1h,-0.9324918096697296,-1.2401226145931552,-1.0963532151505024,-0.35845599762438923,2.266073871409029,0.6677996869544349,-0.6657945147034643,3313
lorentzian_knn,1h,-1.4083510969769366,-1.9865086036698436,-1.648735399638069,-0.3970901187252614,3.6935704514363885,0.7819246754922089,-0.7744475101430424,5400
lorentzian_knn,1h,-1.7572938452726792,-2.466116809819661,-2.108548110684294,-0.4609422937984217,3.6935704514363885,0.8744683116505721,-0.8734061094863552,5400
lorentzian_knn,1h,-1.3830119726952472,-1.948297354173113,-1.6182545088294855,-0.3940555945905211,3.676470588235294,0.7757030124097289,-0.7680591613898965,5375
lorentzian_knn,1h,-1.7490130938427564,-2.453788379948727,-2.0984998778357316,-0.4598259283751533,3.676470588235294,0.8731171987012222,-0.872043563924907,5375
lorentzian_knn,1h,-1.4120208194756139,-1.9901633769976073,-1.653083631800161,-0.40010126378840877,3.6730506155950753,0.7766645890457782,-0.7747748083857594,5370
lorentzian_knn,1h,-1.7919669553805204,-2.515693277088085,-2.153995735254166,-0.46496974656345524,3.6730506155950753,0.8792312292077779,-0.8782093290693213,5370
lorentzian_knn,1h,-1.0459847849845545,-1.425818143980793,-1.238084696357415,-0.3474403949500427,2.404924760601915,0.6640451240805254,-0.6502889247345827,3516
lorentzian_knn,1h,-1.1537896194302664,-1.5640487725245262,-1.3767244542268826,-0.38384258050797015,2.404924760601915,0.7409063850929744,-0.7382484445500742,3516
lorentzian_knn,1h,-1.040071838967956,-1.415850632821487,-1.2318288973645504,-0.34727638876665384,2.3939808481532148,0.6643797600816419,-0.6503022239159484,3500
lorentzian_knn,1h,-1.1689115644620338,-1.5837711915434776,-1.3985084759613213,-0.38616848352082095,2.3939808481532148,0.7460045376622991,-0.7436159965274388,3500
lorentzian_knn,1h,-1.0743143188775854,-1.465004417360817,-1.2768046293135171,-0.3509038771306782,2.3803009575923393,0.67616643821701,-0.6620700727095381,3480
lorentzian_knn,1h,-1.1498521217412152,-1.5570768866561187,-1.3728936685490793,-0.3838442217134792,2.3803009575923393,0.7408494621264484,-0.7382182120643954,3480
lorentzian_knn,1h,-0.7699619026819975,-1.0382303989395791,-0.8595894854922969,-0.32264299152825626,2.9213406292749657,0.5824744310440695,-0.565624422925991,4271
lorentzian_knn,1h,-0.9705779652115378,-1.3136075993646634,-1.1190809598061762,-0.364702125079399,2.9213406292749657,0.6952049229809147,-0.6900372621760876,4271
lorentzian_knn,1h,-0.7966742247849941,-1.076261807167785,-0.8936597332858279,-0.32690527310710527,2.926128590971272,0.5913931684545275,-0.5770756430194124,4278
lorentzian_knn,1h,-1.011809090151093,-1.3720912715818143,-1.1733175641812168,-0.36992437421334107,2.926128590971272,0.7096283147011888,-0.7046835564296674,4278
lorentzian_knn,1h,-0.8024206904560538,-1.0839770727780649,-0.9017525968298491,-0.3276802743195772,2.9227086183310536,0.5938987817315691,-0.5797560115625511,4273
lorentzian_knn,1h,-1.0293200627601113,-1.3964443853361108,-1.1968890889394557,-0.372251939812768,2.9227086183310536,0.7157725965955719,-0.7109509689965079,4273
lorentzian_knn,1h,-0.14474836894735,-0.15277204102366584,-0.13307440701331252,-0.14572410144629966,1.8734610123119015,0.3222963043665161,-0.17526182092454617,2739
lorentzian_knn,1h,-0.5405579911854027,-0.6840268960470834,-0.598426259941504,-0.29139784928039375,1.8734610123119015,0.5067566389323168,-0.47271253447547806,2739
lorentzian_knn,1h,-0.14142380228439783,-0.15077631672818192,-0.13149524133021884,-0.138882343980198,1.8611491108071136,0.3357226051982528,-0.17408124589506963,2721
lorentzian_knn,1h,-0.5385961532992959,-0.6833784082293289,-0.598627352188374,-0.2855219478368402,1.8611491108071136,0.517795973685962,-0.4731443715281143,2721
lorentzian_knn,1h,-0.17837077475199906,-0.19865577258920614,-0.1734635450820575,-0.15623134063899788,1.8563611491108072,0.35016453068205905,-0.20176696770159386,2714
lorentzian_knn,1h,-0.5188426630435055,-0.6560416796889704,-0.5745484163438558,-0.28020488754920186,1.8563611491108072,0.5118195454260165,-0.46209305871650447,2714
lorentzian_knn,1h,-0.8544698545522571,-1.1540419313918602,-0.9702397026837726,-0.3392705706346039,3.246922024623803,0.5955036057994928,-0.595067086041722,4747
lorentzian_knn,1h,-1.1632775631443215,-1.5914564728171614,-1.3687341464741078,-0.3869157669174148,3.246922024623803,0.7431780607584717,-0.7428417279144823,4747
lorentzian_knn,1h,-0.8569266594122278,-1.1585742660689071,-0.9721550243885212,-0.339501485560362,3.244870041039672,0.5964000077353653,-0.5959644553463124,4744
lorentzian_knn,1h,-1.2236241952768303,-1.679869469207053,-1.444878711589361,-0.3940426470573353,3.244870041039672,0.760256891408569,-0.759793391296218,4744
lorentzian_knn,1h,-0.8998581485405126,-1.2219693276396528,-1.0258336413807891,-0.34440108356804877,3.2503419972640217,0.6149356229727527,-0.6145200736353644,4752
lorentzian_knn,1h,-1.266875342794317,-1.7425508509571486,-1.499780764709324,-0.39973590999553404,3.2503419972640217,0.7724135942670673,-0.7721679901921602,4752
lorentzian_knn,1h,-0.5614465555747976,-0.7196972632448733,-0.6326908551331607,-0.2792013124563338,2.0526675786593707,0.4975522757300997,-0.45069161758552634,3001
lorentzian_knn,1h,-0.6921020917689574,-0.8980883079085266,-0.7920762192583571,-0.3174796760934655,2.0526675786593707,0.5878330656550196,-0.5628189071598124,3001
lorentzian_knn,1h,-0.523548527840156,-0.6666093841448841,-0.5851607905712196,-0.27118845670278824,2.0499316005471955,0.48171878641245336,-0.42922442802089905,2997
lorentzian_knn,1h,-0.7037130039916324,-0.9151259152303163,-0.8079055824579987,-0.3176365438736878,2.0499316005471955,0.5945620021049496,-0.5675993573837321,2997
lorentzian_knn,1h,-0.4994136331009346,-0.6309244556281874,-0.5543145267184983,-0.26916497611370027,2.0499316005471955,0.4651453597538951,-0.41479437993300616,2997
lorentzian_knn,1h,-0.705951194404964,-0.917477483205908,-0.8115534175677556,-0.3183139195075806,2.0499316005471955,0.5953525518259839,-0.5689949580082058,2997
lorentzian_knn,1h,-0.266500050624628,-0.30740454750499474,-0.2594175071541389,-0.2190432649212948,2.5629274965800275,0.3519616147825147,-0.27484067783477806,3747
lorentzian_knn,1h,-0.7483267154828359,-0.9790019628420022,-0.8541546463572283,-0.33493178812955526,2.5629274965800275,0.6094782738284893,-0.5993123897810116,3747
lorentzian_knn,1h,-0.19525950662977837,-0.21869802234954333,-0.18395595354483696,-0.17531170542169983,2.5506155950752394,0.3533391957994049,-0.22596820705590845,3729
lorentzian_knn,1h,-0.7127951916521701,-0.9283967001130063,-0.8078901204622774,-0.33023158489428084,2.5506155950752394,0.5926801912861552,-0.5820770271902075,3729
lorentzian_knn,1h,-0.13129954897135332,-0.13646331399344336,-0.11459110193303262,-0.14112297598022067,2.547879616963064,0.3373744786112389,-0.17749518653534202,3725
lorentzian_knn,1h,-0.6804595447251294,-0.8814603624513287,-0.7670378683063082,-0.3258801308423514,2.547879616963064,0.5765525463030347,-0.5655295546844024,3725
lorentzian_knn,1h,-0.25632284741614486,-0.30088961867312275,-0.27042361156310835,-0.18279972159321095,1.5417236662106704,0.4060686035659992,-0.2657795181644187,2254
lorentzian_knn,1h,-0.3930192380522247,-0.4751096652436174,-0.4280518009740249,-0.2485327722085676,1.5417236662106704,0.47258390200049893,-0.3937543095715587,2254
lorentzian_knn,1h,-0.31655813839409586,-0.3771735416702771,-0.33956474863239106,-0.21273099045422553,1.5389876880984952,0.4089061171435575,-0.30547679198455896,2250
lorentzian_knn,1h,-0.43996931074061346,-0.5346557967365414,-0.4824313129318086,-0.2712586605548478,1.5389876880984952,0.47154450664365755,-0.42202149155569024,2250
lorentzian_knn,1h,-0.34882895285339727,-0.4198991850479277,-0.37821353134707764,-0.22468406476700953,1.5362517099863202,0.4194709975013057,-0.3273395837374697,2246
lorentzian_knn,1h,-0.45497774536436025,-0.5548961481132082,-0.5003696836551185,-0.2763612700751381,1.5362517099863202,0.47709368398461405,-0.4324094346807497,2246
lorentzian_knn,1h,-0.6843420231021807,-0.9005832057969054,-0.7675785878073828,-0.3127838814706791,2.790013679890561,0.5435027577302723,-0.5259086569666509,4079
lorentzian_knn,1h,-1.1474795377941611,-1.5526604006548155,-1.3686423119656201,-0.38607561314182975,2.790013679890561,0.7541266140882645,-0.7480109365942893,4079
lorentzian_knn,1h,-0.6656115689187192,-0.8747041789622395,-0.7459890232579572,-0.3064439678547875,2.783173734610123,0.5425064690434127,-0.5172678647579421,4069
lorentzian_knn,1h,-1.1295425541005177,-1.5257577882732056,-1.346933595658421,-0.3838645336456979,2.783173734610123,0.7490798859374115,-0.7428386797626685,4069
lorentzian_knn,1h,-0.6441827731615982,-0.8462635779023662,-0.715900371570812,-0.3030241017646941,2.7886456908344734,0.533635823919467,-0.5066444485479488,4077
lorentzian_knn,1h,-1.1107697797922802,-1.5030866297375736,-1.3170265979497844,-0.3814238283743846,2.7886456908344734,0.743392769073876,-0.7370101056508005,4077
lorentzian_knn,1h,-0.2668274655587942,-0.31719514101436364,-0.28164546959473724,-0.1848525609154254,1.7448700410396716,0.4007418604754073,-0.26529948599163605,2551
lorentzian_knn,1h,-0.44652139513714634,-0.5528867269807936,-0.49432221379968405,-0.2569001340164123,1.7448700410396716,0.49579372147723316,-0.4205837988464483,2551
lorentzian_knn,1h,-0.272168098526041,-0.32620650225097797,-0.2901144383154919,-0.1821705537700076,1.7359781121751026,0.41513270026557,-0.2702034258872181,2538
lorentzian_knn,1h,-0.436168124359166,-0.5356099528408089,-0.47867588606049677,-0.26107125801564474,1.7359781121751026,0.4775897765145207,-0.41341082281076696,2538
lorentzian_knn,1h,-0.23308518618063306,-0.2753501787628924,-0.24428266471078025,-0.16553438420747335,1.7291381668946648,0.4056421979902921,-0.2430230889113354,2528
lorentzian_knn,1h,-0.40764857597112586,-0.49759250294415286,-0.4437893227951975,-0.25158259318301823,1.7291381668946648,0.4681598535530621,-0.3946570912648651,2528
lorentzian_knn,1h,-0.775667312597194,-1.0264698579298035,-0.8924525824899306,-0.32447864892764494,2.8919288645690835,0.5667189693233847,-0.5568967048771838,4228
lorentzian_knn,1h,-1.11015642726609,-1.494454848295636,-1.3276698996745233,-0.3802450601515951,2.8919288645690835,0.7325511778346747,-0.7295828047655355,4228
lorentzian_knn,1h,-0.7439337584011042,-0.9848210917125108,-0.8568551792602126,-0.30982922646012073,2.89671682626539,0.5745534349879591,-0.5439813130949712,4235
lorentzian_knn,1h,-1.0847514706609296,-1.4575774249629632,-1.2953453232593308,-0.3770563456598169,2.89671682626539,0.7244650584669702,-0.7214069388109062,4235
lorentzian_knn,1h,-0.8229401344623957,-1.09862654703343,-0.9570572831557951,-0.32124110234095093,2.9110807113543093,0.6056119350892338,-0.5796275197995552,4256
lorentzian_knn,1h,-1.1509264969042832,-1.5520368553441233,-1.3815806407061009,-0.3854585418493452,2.9110807113543093,0.745267264833375,-0.7424400256450436,4256
lorentzian_knn,1h,-0.08934798128309226,-0.08717634742398507,-0.07919173388427911,-0.10239974049404833,1.8317373461012312,0.3377748287925193,-0.13150932237262183,2678
lorentzian_knn,1h,-0.3801462383204689,-0.44125230726150716,-0.40003471327648216,-0.2787830047764046,1.8317373461012312,0.38833254074023443,-0.3680632041937804,2678
lorentzian_knn,1h,-0.109697724593395,-0.11371111636539478,-0.10351756463574616,-0.11052669552171078,1.8378932968536252,0.354252123212627,-0.14784706327741354,2687
lorentzian_knn,1h,-0.4273357277656976,-0.5037530329721759,-0.4579381998703104,-0.29484351538578046,1.8378932968536252,0.4060013299737721,-0.3999332843759831,2687
lorentzian_knn,1h,-0.09207657100870856,-0.0928713687747903,-0.0843677454244954,-0.09872566623814608,1.8488372093023255,0.35879195241121237,-0.13451041793043236,2703
lorentzian_knn,1h,-0.4118616954781401,-0.483419477218518,-0.4385828000732755,-0.28973021522916753,1.8488372093023255,0.3986988134774863,-0.38840558218328025,2703
lorentzian_knn,1h,-0.8444858764342795,-1.1382171914640535,-0.9729041426495401,-0.3244258568459866,3.1545827633378933,0.6121945524645702,-0.5880599340805408,4612
lorentzian_knn,1h,-1.102994891446492,-1.4981515772134304,-1.3037330881587346,-0.37538111371166544,3.1545827633378933,0.7349339561235132,-0.7255538007301389,4612
lorentzian_knn,1h,-0.8299712383507847,-1.116658502574274,-0.9541778039378751,-0.32351498713237553,3.1566347469220246,0.6051731293281849,-0.5822036834961775,4615
lorentzian_knn,1h,-1.0978306048535047,-1.4899924821028194,-1.297331200263475,-0.3754475064444479,3.1566347469220246,0.7333597446787627,-0.7247296747672357,4615
lorentzian_knn,1h,-0.765184391129804,-1.0227620176710506,-0.8716826097374458,-0.3152493371338331,3.160738714090287,0.5775085613217334,-0.5529055209831958,4621
lorentzian_knn,1h,-1.0369624132297992,-1.403870685608583,-1.2175024562098946,-0.36721134041132514,3.160738714090287,0.7134995567813059,-0.7038748339945767,4621
lorentzian_knn,1h,-0.6468364148513596,-0.8328055320534815,-0.7432870202667241,-0.3024269864998324,1.9808481532147744,0.4926502520720912,-0.4759831633830361,2896
lorentzian_knn,1h,-0.8389510058471211,-1.101359959127308,-0.9862059057457376,-0.34181750157492186,1.9808481532147744,0.622860233204199,-0.6167094847437401,2896
lorentzian_knn,1h,-0.6302419857011069,-0.8095480531704856,-0.722343975913518,-0.2990652388628574,1.972640218878249,0.48394211552620703,-0.4653954763936071,2884
lorentzian_knn,1h,-0.7812025538052604,-1.018869519739884,-0.9117592363340551,-0.33375658336363406,1.972640218878249,0.5975257451139749,-0.5897383544487022,2884
lorentzian_knn,1h,-0.6509777085379748,-0.8397748115994521,-0.7485928557992871,-0.3016330905280257,1.9671682626538987,0.49308697677928337,-0.47534310836458477,2876
lorentzian_knn,1h,-0.77039894897978,-1.0038688749489277,-0.897303249670486,-0.33220141366354367,1.9671682626538987,0.5923031618634595,-0.5842421075125223,2876
lorentzian_knn,1h,-0.6898433513808008,-0.8916707375255104,-0.7947793835536198,-0.31580413768170235,2.4411764705882355,0.5256196236033874,-0.5166762392265257,3569
lorentzian_knn,1h,-0.8989004096037627,-1.1847462776085054,-1.06368262894103,-0.3529903662601717,2.4411764705882355,0.6620675279274723,-0.6556969881120694,3569
lorentzian_knn,1h,-0.6866244465766813,-0.886875173180035,-0.790670466341566,-0.31557745800732473,2.4473324213406293,0.5246509259259098,-0.5156892789140342,3578
lorentzian_knn,1h,-0.9299492521144197,-1.2286834412594667,-1.104577062544376,-0.35700918949106725,2.4473324213406293,0.674330416216915,-0.6681910504512197,3578
lorentzian_knn,1h,-0.7167694682145678,-0.9302871581420936,-0.82965154652578,-0.31919713666665406,2.4493844049247606,0.5399139644826725,-0.531240068034197,3581
lorentzian_knn,1h,-0.9618415798182645,-1.2742211621798518,-1.1459014940980445,-0.36127555572303444,2.4493844049247606,0.6868738232734043,-0.6809709197617948,3581
lorentzian_knn,1h,-0.7359490275937247,-0.9402605456328704,-0.8817298703260816,-0.3177528274758402,1.5109439124487005,0.5423298173999506,-0.5312124839708053,2209
lorentzian_knn,1h,-0.7975166696017376,-1.0241815273111667,-0.9507724301167666,-0.3420410988074695,1.5109439124487005,0.6212621732814823,-0.6159143253605252,2209
lorentzian_knn,1h,-0.750965930611217,-0.9633890592311397,-0.9033159280516952,-0.31538509501084183,1.5047879616963065,0.5564097420841229,-0.5383328268006489,2200
lorentzian_knn,1h,-0.8058685456728586,-1.0373440741961348,-0.961563577461789,-0.3415394758528934,1.5047879616963065,0.6266971231171786,-0.6189230438392759,2200
lorentzian_knn,1h,-0.7295156588670364,-0.9343738901041956,-0.8753012302542472,-0.31058577916361296,1.5068399452804377,0.5510535796082856,-0.5285354950556843,2203
lorentzian_knn,1h,-0.8290104285538965,-1.0690919375991264,-0.9924056652629824,-0.34550651311783726,1.5068399452804377,0.634600967399698,-0.628954481272669,2203
lorentzian_knn,1h,-0.6884682804339293,-0.9066076846359519,-0.7892895181196397,-0.29679450381218847,2.6853625170998634,0.5697208285070406,-0.5238257161404951,3926
lorentzian_knn,1h,-0.925124697582025,-1.2306822354952023,-1.0948728980279854,-0.34796644658516135,2.6853625170998634,0.6932436363243518,-0.6690363863796844,3926
lorentzian_knn,1h,-0.7584451690198604,-1.0073492143717429,-0.8781469148168358,-0.30687136275370835,2.6833105335157317,0.5995351901152277,-0.557096700261005,3923
lorentzian_knn,1h,-0.9819146367680383,-1.3114598465191245,-1.1679368280441667,-0.3564988324904616,2.6833105335157317,0.7120887679166736,-0.6905627004889997,3923
lorentzian_knn,1h,-0.7742218699184924,-1.0291479356341324,-0.8984849659677828,-0.3100573529150152,2.6853625170998634,0.60306191091635,-0.5635907261198727,3926
lorentzian_knn,1h,-0.9862132588185475,-1.3171479730772078,-1.1741274925380891,-0.35705273942079213,2.6853625170998634,0.7129181686492049,-0.6917082730226556,3926
lorentzian_knn,1h,-0.47971176390638787,-0.6094745544307714,-0.5496810581626046,-0.23672541561765975,1.734610123119015,0.49929723605286846,-0.39579820824425654,2536
lorentzian_knn,1h,-0.7410864458548099,-0.9624010088041,-0.877177859437296,-0.309908948339937,1.734610123119015,0.6256075205090825,-0.5782333193070754,2536
lorentzian_knn,1h,-0.5349436202411707,-0.6864661739369644,-0.6194141161204055,-0.24844305276754416,1.7202462380300958,0.5224241418863267,-0.42700179087339957,2515
lorentzian_knn,1h,-0.7750015368179959,-1.0116093593616804,-0.9216252164814197,-0.31290076042965964,1.7202462380300958,0.6442749536597429,-0.5941664206246074,2515
lorentzian_knn,1h,-0.5102754051263825,-0.6507222793929273,-0.5871952819502652,-0.2460930292804403,1.7298221614227087,0.5084760366367893,-0.4146109906419485,2529
lorentzian_knn,1h,-0.7417252493490988,-0.9632036887127445,-0.878447068381574,-0.3096988444984292,1.7298221614227087,0.6295959795642506,-0.5805418115485159,2529
lorentzian_knn,1h,-0.7337780460890433,-0.9509217074522358,-0.8570730979670121,-0.32095811239348443,2.0690834473324213,0.5594670907811352,-0.5474205288315476,3025
lorentzian_knn,1h,-1.0461959785616781,-1.3819516092026236,-1.2721238218531963,-0.37259396108223286,2.0690834473324213,0.7233014470763265,-0.7157350060922297,3025
lorentzian_knn,1h,-0.7325800943090623,-0.9522426012840469,-0.8565041738891921,-0.31577267209562015,2.0711354309165526,0.5688712728572018,-0.5475718700073595,3028
lorentzian_knn,1h,-1.0617778547479546,-1.4051734326478331,-1.2909879894480005,-0.3747069495147374,2.0711354309165526,0.7285864494067162,-0.721164674918731,3028
lorentzian_knn,1h,-0.7196396697345923,-0.9348666854756337,-0.8376406714054324,-0.3146693137423636,2.0807113543091655,0.5594063155705031,-0.5395531992786147,3042
lorentzian_knn,1h,-1.0526173836664687,-1.393443288485368,-1.277502855077554,-0.3732973724968513,2.0807113543091655,0.7250714880306532,-0.717553597300088,3042
lorentzian_knn,1h,-0.25418860969724444,-0.28182813226368253,-0.2632100886357586,-0.2083144340034794,1.244186046511628,0.3356672503948854,-0.2520078630686324,1819
lorentzian_knn,1h,-0.47584635765569355,-0.5708967401597609,-0.5295613667286392,-0.2953975052439915,1.244186046511628,0.4539046509527742,-0.438232340182492,1819
lorentzian_knn,1h,-0.2043541625513689,-0.21879174054455441,-0.20428951450978902,-0.18516870660203477,1.240766073871409,0.31690496246626637,-0.2151247918754262,1814
lorentzian_knn,1h,-0.4408779656843275,-0.5215998948982304,-0.48616004902582965,-0.2879666433909549,1.240766073871409,0.43378280461036156,-0.4140280145783984,1814
lorentzian_knn,1h,-0.17113220334637735,-0.1799437522266249,-0.1680393260796763,-0.1624763487727484,1.246922024623803,0.3184490228125613,-0.19168643104953997,1823
lorentzian_knn,1h,-0.42491378210439124,-0.505540661770251,-0.4709090364977909,-0.2714160214898451,1.246922024623803,0.4478294595515192,-0.4049449490612999,1823
lorentzian_knn,1h,-0.4890799680882834,-0.6250159605316997,-0.5493800993720585,-0.24753184687995328,2.341313269493844,0.5197967748453454,-0.42402511163436785,3423
lorentzian_knn,1h,-0.8819964791869919,-1.164433411841224,-1.045013908366602,-0.3423964731350721,2.341313269493844,0.6815617574929855,-0.6550862578306389,3423
lorentzian_knn,1h,-0.5298642389115117,-0.6802746804942235,-0.5994020964376288,-0.2597791259417789,2.339261285909713,0.5299087364371052,-0.44746996153467805,3420
lorentzian_knn,1h,-0.9321931336742816,-1.2336897201408636,-1.1113577988331242,-0.3510330198933293,2.339261285909713,0.6972061511487743,-0.675138254843947,3420
lorentzian_knn,1h,-0.5280312298102319,-0.676054152947655,-0.5964775884863808,-0.2622209736175188,2.3406292749658,0.5216497324266892,-0.4452292580543058,3422
lorentzian_knn,1h,-0.9352007027514937,-1.237639791538875,-1.1159939459220531,-0.3511553411977588,2.3406292749658,0.69799780259011,-0.6757637052384438,3422
lorentzian_knn,1h,0.135479872513899,0.18104807768716008,0.1625899835257745,0.047612154604342066,1.5300957592339262,0.2641605916395768,0.05133962728456239,2237
lorentzian_knn,1h,-0.1286244841031814,-0.12243670191598556,-0.11025220974486595,-0.15524713471109133,1.5300957592339262,0.3121187663545819,-0.18041184438133046,2237
lorentzian_knn,1h,0.20267274291412565,0.25634068115295267,0.22981211990687728,0.10397611493627129,1.5205198358413132,0.25350102917607537,0.1098359207826842,2223
lorentzian_knn,1h,-0.13295136656595632,-0.12898168958564768,-0.11629852467596424,-0.15489711109635992,1.5205198358413132,0.3205485242230695,-0.18453209893440845,2223
lorentzian_knn,1h,0.16377570572936426,0.21291667155179653,0.19104964757253728,0.07098047612294825,1.5157318741450068,0.25903247957393655,0.07570791758207529,2216
lorentzian_knn,1h,-0.1662580395254287,-0.17049449582494186,-0.15379502513793536,-0.1730724455135712,1.5157318741450068,0.3325078037210634,-0.21133404992394003,2216
